E,D_enc,D_dec,D,U,tau_v,tau_v_imputed
0,0.1547329311700554,0.8398898105977717,0.12995861225365588,1.3043129160285063,30.986138547371255,0
0,0.09804379532563608,0.5936952331072142,0.058208133920569505,3.5031642857695284,14.58962360127849,1
1,0.34755367677097254,0.2631775864343453,0.09146833780896714,4.884383412797662,10.81302986252463,0
0,0.24990735929412516,0.6241139656949509,0.1559706730654094,2.0351280033827956,24.149643140773236,0
1,0.5927968550566619,0.44352402496433563,0.2629196471409306,2.746524097188473,47.540270597337596,0
0,0.7145356742714906,0.32439984505829134,0.23179526202229325,1.9751660776902582,57.271038087630885,0
1,0.29181670902175333,0.4607177429489869,0.13444513553530346,4.277600375557114,44.3878574308047,0
0,0.20635376958500834,0.5693599514299705,0.11748957222831168,2.746790228723168,34.60472772950682,0
0,0.18796733394418452,0.5537587736124701,0.10408856032413724,1.295701610029131,57.065992897479035,0
1,0.7559749586961347,0.49412332680910315,0.3735448615753084,2.282741725178327,24.690114900487888,0
0,0.6213931070244737,0.3429826157030715,0.21312703322711263,1.9131699649972858,50.931076455605805,1
0,0.09221767403755608,0.4204804281363103,0.03877572706104629,2.5116934767624923,23.95143490993478,0
1,0.35235440467169676,0.2246360616063207,0.07915150575508974,1.691952143248341,37.16990961662718,0
1,0.8854241665649416,0.4585789733803135,0.4060369053094706,4.737668620719202,12.490797356839636,0
0,0.3668192486002939,0.661298212913885,0.24257691356178848,1.5546656622411195,36.30808063176099,0
1,0.18243989630792032,0.3091425343143886,0.05639993190468475,2.4062680709578945,10.827516135362956,0
1,0.7676247821995941,0.22037864945863725,0.1691681127921271,2.324043686586669,10.749789020785634,0
0,0.333335874635116,0.8213678205545665,0.2737913608616954,5.228156841598108,15.977249380187407,0
0,0.6230198577254884,0.34814541712241776,0.21690150824338952,2.2475009851663748,39.15079252893511,0
1,0.3584076143669874,0.714933323955316,0.2562375470702854,4.4800374110501,18.98322861973024,0
1,0.4937002740225057,0.30971410552881373,0.1529059387682106,3.1148363773111374,25.065797502236144,0
0,0.4678370347756028,0.050335705659048484,0.02354890727886677,1.6788534114458837,25.005084416704804,0
1,0.10192731415375661,0.4463862139229318,0.04549894786042867,4.531939399057544,24.810471612503097,1
1,0.28722032341029274,0.4886079899862844,0.1403381449047137,4.041109487392536,17.151292998192492,0
1,0.6067106643682738,0.8145527375064583,0.49419783253553945,1.2806045552529253,19.18619757485817,0
0,0.6637396822734497,0.47897077111893216,0.3179119074407492,2.9509051424175565,42.56558783356152,0
1,0.6469365427405604,0.5092572959073673,0.3294571543797188,2.7436997417636575,2.9775043647488078,0
1,0.3363882170591137,0.27054954198352804,0.09100967805399883,1.564407765901933,2.302319733305156,0
1,0.813787326567853,0.5843470890201524,0.4755342553614171,3.685386778334004,9.266975855836066,0
1,0.42588568511482416,0.4927158855306622,0.20984064247618334,4.051044033322042,13.187118222903393,0
0,0.41877694862462583,0.14942713636112384,0.06257664020702731,5.666970303308639,58.077672717370326,0
1,0.18326143838253164,0.3984885482201873,0.07302758452579834,2.1731266145407298,20.04875227391944,0
1,0.7151145321511513,0.6870387441114585,0.4913113900649802,4.6331756430194835,21.73537473570303,0
1,0.8016893099625124,0.5725171526350394,0.4589808810376872,5.331814814710366,19.642327706480877,1
1,0.7521485832062969,0.7210800470601272,0.5423593357746045,3.73551532927671,22.015215495249635,0
1,0.21570666604003136,0.5802855130581708,0.1251714533731071,3.747269834815505,5.858186949578661,0
1,0.5992548754236103,0.4035062631207695,0.24180309543908324,2.2350991905821336,22.374058872484316,0
1,0.4778000735695165,0.8502954215395521,0.406271214967421,5.800101738938904,27.79661497985866,0
0,0.5079375478874893,0.23728106815583788,0.12052396391920053,4.0013057398443586,21.739607812512205,0
1,0.575214121254213,0.7033261328371467,0.40456312345504325,4.240584025120942,4.595588668531107,0
1,0.4415616781000343,0.48515419945136773,0.21422550244702468,3.2575853011466624,2.1695703085294875,0
1,0.3863038843541962,0.5002729000178787,0.193257364514045,2.501251917689315,42.44290559116838,0
1,0.39650959834079696,0.19387815895176397,0.07687455093301712,5.866633620271326,17.650398413819172,0
1,0.382042038195117,0.5200270446272561,0.19867219204598,3.503605361873408,30.853661687670517,0
0,0.3419370070961288,0.6969606321219766,0.2383166326116147,5.250273655614732,72.58078750375651,0
1,0.3515535316247323,0.6585761021715442,0.23152475456205687,4.980585502741867,8.993649283175975,0
1,0.8345939216972339,0.8788541062357194,0.7334862951229865,2.7183554064238353,3.3012227970169303,0
1,0.37797669912271004,0.5745776042931156,0.21717694626054648,5.398685513288073,9.62702717939076,0
1,0.31066812715455855,0.5309726615094974,0.16495628232142692,4.919468074078029,12.931914963003472,0
0,0.6632419642315316,0.5044595642635266,0.33457875227752387,1.0304620274840872,9.23204433984859,0
1,0.5718676117902511,0.7812723750071118,0.4467843672530145,1.1827109953978323,8.375275096399216,0
0,0.2798409650960937,0.3198726797428486,0.08951347940711245,3.515669463956204,61.185694016661024,0
0,0.8019470364141638,0.1385501975125814,0.1111099202898117,5.055873455145687,60.210778161858045,1
0,0.3490299385904939,0.37582381198244075,0.13117376201707662,3.2843880374242214,74.22767279239127,1
0,0.4170382555986203,0.25907270186439685,0.10804322765874948,3.5432967176139583,62.305271751028414,0
1,0.2946529881273306,0.8592639419375409,0.25318468808196554,5.871082648421651,16.290341196974367,0
1,0.5055996252959843,0.36665923420090646,0.18538277142329088,4.893718569310366,14.951123642488422,0
1,0.666849920378606,0.4164472033894889,0.2777077844221738,5.870894357993813,15.136368746461542,0
1,0.6285698357490497,0.7128196891771706,0.4480569549447828,4.345382777135896,10.29062466254488,1
1,0.39209581873850113,0.4476314257466237,0.175514410371205,4.396174563742358,11.807194300238354,0
1,0.5156703281275677,0.4938881118549718,0.2546834446985582,4.397719276420533,11.54244753411324,0
1,0.5527453913687409,0.39203934351896064,0.21669794036533216,3.16963103405132,17.725397364794006,0
1,0.3615066832779125,0.7924574147406955,0.286478651641898,2.9379253128042686,15.782480138010424,0
1,0.5071112833110228,0.6218314256656159,0.3153377322724134,4.291983296575349,8.209809520503857,0
1,0.5530736526772652,0.36438765283673047,0.20153321014490574,2.2191605968824866,17.26299515121472,0
1,0.6096307263729535,0.6356219513412148,0.38749467189473885,2.552901912886594,16.559140210195284,0
1,0.360739943408546,0.17620748715564508,0.0635650789446895,4.310814719792745,6.178167614955272,0
0,0.7895645843748843,0.3298252477536673,0.2604183346589676,1.222035018139084,13.534016116295039,0
1,0.644550879451086,0.3753880674733522,0.24195670902539276,4.942622419010577,6.533520019787204,0
0,0.45759761168725943,0.5462709607784835,0.2499722869863386,1.3655592000458574,10.242567973026379,0
1,0.9279632196964752,0.6538380975920174,0.6067377062017066,5.960640781703654,17.234884051763878,0
1,0.5192774386579052,0.18569436705756934,0.0964268952988555,2.9563470379207537,11.366119542228112,0
1,0.44875058440447113,0.5756584652790456,0.2583270727113527,2.992725615666746,10.914609599468564,0
1,0.9123855622179065,0.6495338179935826,0.5926252777096181,4.31096244564038,29.149361587857154,0
1,0.27074952499007576,0.4747913733494845,0.12854953880375866,5.661397237765433,2.8540188544266205,0
0,0.760432490906593,0.3170443813402688,0.24109084863052038,2.6074650152692693,50.50733850193823,0
0,0.18710253845280828,0.6474542886842547,0.1211403409449814,1.2664592256116805,12.233285783283375,0
1,0.433075755613004,0.46637082179848216,0.20197389604623528,2.876168207939608,30.192959750729244,0
1,0.7434077444542991,0.4835354787609936,0.35946401962933994,3.757360601458212,11.36500760128392,0
1,0.5661964700988729,0.6011649472812529,0.3403774710978204,1.4459770937372198,15.805270787693903,0
1,0.8087225901435202,0.38092251498179475,0.3080606429600609,1.1277988331771467,14.615980750487125,0
1,0.7318871667602828,0.6410341293092581,0.46916465269679763,3.0946708270866106,43.71933468664259,0
1,0.19673042491623402,0.36192095830488885,0.0712008639134114,5.719339648759898,15.810663684963675,0
0,0.7321230096079026,0.5377138095631944,0.39367265256513645,1.7763761877400677,49.39130441794978,0
1,0.2019236074406426,0.6095821611424742,0.12308902900935151,5.906986664160557,14.435298885637431,0
1,0.7197435089097562,0.6302878387785809,0.45364558070564254,4.990402188096828,50.16970237000865,0
1,0.73468204260074,0.4571259299544988,0.33584221194473396,4.825089994659874,27.441060448523867,0
1,0.414415341826716,0.7758052578955856,0.3215056011417627,3.3896544197822984,22.29170549006148,0
0,0.4602651355822746,0.5609257442344939,0.25817456372167763,2.709516529046782,35.93855822212722,0
1,0.37977891580415235,0.6386212331744544,0.24253487954450506,1.1981363072920788,25.930748509377402,0
1,0.6290364009047581,0.2771794940984753,0.17435599137230653,4.92008000478454,22.72726353975576,0
1,0.602107696659932,0.4777597949601876,0.28766284970019995,1.1594860421851445,9.979559804408481,0
1,0.3737054723645079,0.5762458632902596,0.2153462325389801,4.970194523219145,33.181158504746676,0
0,0.09610593325171858,0.3300504798589938,0.03171980938702614,3.364895425860336,57.71267080782398,1
0,0.33577896193505746,0.14354489327064532,0.0481993552534959,2.1507644763797007,72.24132047752826,0
1,0.33874500021828846,0.757046578117216,0.25644574326957087,5.95120386927654,18.042333736342734,0
1,0.5525566539135004,0.5999680162006601,0.33151631948695753,1.9730420040187682,29.73808621672437,0
1,0.685168817595911,0.7946006056824699,0.5444355574564527,5.379226603296409,44.17763281359045,0
1,0.646022592687674,0.34854726743399295,0.2251694093819122,4.667607938879984,10.592898386584544,0
0,0.3168250217392973,0.6277392979309975,0.1988835167135995,2.8161908932393347,44.61330493564737,1
1,0.1975339940625407,0.5996768996747197,0.11845657313978891,4.0460007996305425,28.243277062973252,0
1,0.5362341337297925,0.7610826803705992,0.4081185118052768,1.1900993560269681,25.782356199487822,0
1,0.5003279119349285,0.39940218624491786,0.1998320618661652,1.8599833918307165,11.241206514341862,0
1,0.823193505093253,0.8062897616874486,0.6637324950442944,4.989626264791946,13.941403601438044,0
0,0.3167270371057405,0.0795541630310013,0.02519695434623608,1.089046074848353,13.820823548773786,1
1,0.8358690472882502,0.5849211339233971,0.4889174709513129,5.820449873298329,10.035103367903476,0
1,0.8021840056641633,0.22505805733752063,0.18053797394200724,5.360838561304645,10.619759008782346,0
0,0.26301799104792395,0.6453366608347623,0.16973515208233464,1.091422705351416,40.17885186402014,0
1,0.9011525321992007,0.6446588836801712,0.5809359854330962,1.5752140768110126,8.503246008300648,1
1,0.7005164655412413,0.5692829844190864,0.39879210413802796,3.1282602029879962,17.637851484771826,0
1,0.2977152840632053,0.2578131441671903,0.07675491345096316,3.0442361655872765,25.197587159126986,0
1,0.12998345202984246,0.5715942789063886,0.07429779753276096,5.351687550187608,18.418096340665734,0
0,0.42945515847846055,0.46870518922826787,0.2012878613197026,5.543096848773195,20.74462011602121,1
1,0.8554234704714564,0.5349858402599401,0.45763944412824614,4.880979143799626,20.978300528400084,0
1,0.6009299945714276,0.3579725005956742,0.21511641283967886,1.8126659410845283,25.45704434709563,0
1,0.4403592702984529,0.6073816518314187,0.2674661409931525,1.6431389956064482,16.57405221605376,0
0,0.4225386951198505,0.3128595322368352,0.13219525850715916,5.626960977895881,89.70801277579233,0
1,0.5226682990840584,0.6390791402228277,0.33402640720036786,1.3276381688240009,11.886598753872143,0
0,0.7299742650777358,0.18567899579448532,0.13554088849545143,1.63268304286353,38.52984182302375,0
1,0.3308952379223733,0.5106430934676865,0.16896936790640685,5.680482336652749,20.913495368509444,0
1,0.6733094712896462,0.3280872448417536,0.22090424936127784,2.965566415045946,9.437171005837424,0
1,0.6313480411353045,0.4043754920883517,0.2553016748131057,2.988807792911374,36.39319951510528,0
1,0.22948346854195367,0.3754967571514804,0.08617029825737738,5.1668132466820405,18.64780079835833,0
1,0.7163395346683611,0.33848346757524855,0.24246908965578684,2.9913679157169484,9.47431560478511,0
0,0.2758610892407972,0.7171180935545427,0.1978249784022401,1.6877705878728557,39.60644252091832,0
1,0.25011518664649385,0.4006821984405745,0.10021670284889178,3.98738798328299,25.835268534345907,0
0,0.5511067520377094,0.2971726265096716,0.1637738409902604,2.3197180640071258,27.980130788870177,0
1,0.33865968810377184,0.42979801736463685,0.14555526250832743,1.6390726796106687,16.51585619086147,0
1,0.5742069659911382,0.7594772416981576,0.4360971226948174,5.368293659909456,19.443753837202813,0
1,0.8025278495408898,0.6820788984018197,0.5473873115516315,2.823933708960996,33.678641014140176,0
1,0.5889230995307033,0.9537624690131322,0.5616927494672702,2.8024214751502066,15.11654870796022,0
1,0.8047332447846338,0.6496796887930031,0.5228188440330644,2.538960038077825,4.360388171734734,0
1,0.829774467500591,0.7508067191604493,0.6230002455872276,3.984442778977641,24.896760489477792,0
0,0.4375731114419567,0.413719175360452,0.1810323868256735,3.9413048581658527,53.85413170874966,0
0,0.5549692853271866,0.5151377395579707,0.2858856231675494,3.0770459057426316,82.52246159528639,0
1,0.14574525162540508,0.4930127796871602,0.07185427163004555,5.48140385645961,13.947306904435495,0
1,0.8858497306039471,0.5432745653313108,0.48125962734271815,1.0960840227830602,10.273427138901472,0
0,0.43086327339898234,0.9483468862866714,0.40860784374320774,3.707552801625026,42.15223941964,0
1,0.8889532990040454,0.3694930382364356,0.32846205529930733,3.3335562795323854,15.432565670149025,0
1,0.3563139036081655,0.6233241274717637,0.22209905307261787,3.1683190123462124,20.711949482404382,0
1,0.5423234103127773,0.5604881415640264,0.3039658403728735,4.400238247846353,19.47671627487408,0
1,0.29266923608351664,0.7364585272749081,0.21553875458473906,3.2405920449017303,31.075632479923414,0
1,0.8933134733119081,0.7406452596124843,0.6616283893564282,5.789862206709145,14.799639269978496,0
0,0.714251877033493,0.2643214307294807,0.18879207803871,3.0375883802880015,49.927088706269984,0
0,0.44137613261901654,0.1863199382778697,0.08223717378689999,1.349030496856153,46.09915151292733,0
0,0.5628751739489759,0.17628722295357802,0.09922770128497713,5.099851328178653,25.010089761187423,0
0,0.2481211537228309,0.0481699745606329,0.011951989662783649,3.957386705351846,75.40923920069693,0
1,0.5628448382099135,0.24165563100599705,0.13601462453608495,1.3953358573180388,9.40795499349538,1
1,0.8257298630227792,0.57481500764508,0.47464191752620966,1.2537428541249316,27.827039357470593,0
1,0.2550485289661252,0.7342677743446239,0.18727391571382707,5.009359664317606,24.854868041618303,0
0,0.4607236362088539,0.3718504776774744,0.17132030420156527,2.793225761817307,42.977310615457505,1
0,0.31317400739112344,0.1120780669030477,0.035099937352677885,4.978773933934041,21.5019130851401,1
0,0.40515713478828047,0.891299682548205,0.3611164256189347,3.1747673164520047,98.51249166943782,0
1,0.5921026845821029,0.509705694841746,0.3017981102625839,1.809681766891948,16.928338309656645,0
1,0.4154720505327986,0.8551369225842697,0.35528549071239357,3.4834606722757657,15.875919387923732,0
1,0.5275111947362828,0.8072105343594816,0.42581259338368344,5.745650830383046,9.563825308391383,0
1,0.7333229145944757,0.33681471387792106,0.2469939476592615,3.78319586440894,42.07928690449282,0
0,0.4046092136936094,0.22859453061087193,0.09249145328512462,2.0500330390611348,24.664227365072506,0
1,0.5667526591354218,0.2069652261477743,0.11729809226781501,5.300850781745835,7.319962228976932,0
1,0.4138907164058184,0.9296945825170633,0.3847919567965956,4.184881110627526,20.096949144454967,0
1,0.3837829468590336,0.6206457479319316,0.23819325409684566,4.584343721998399,8.694894200094861,0
1,0.8708251250831834,0.7907117046500474,0.6885716191066147,5.658511331700615,8.934110841696757,0
1,0.5966188207209425,0.3391498847323924,0.20234320427668354,4.7065846801204945,17.002054473526464,0
1,0.2866746739166174,0.5136721366840841,0.1472567922839619,4.869994110473245,17.871303570417822,0
1,0.8516949982475527,0.37919583237235327,0.3229591937878507,3.671733201445253,14.339702771993096,0
1,0.7367192736410112,0.7302803471698901,0.5380116069213069,3.6228741663566706,14.131748556766897,0
0,0.263380937145458,0.7558369767233666,0.19907305125859004,1.0260816053244717,31.834745051386783,0
1,0.4118006685209452,0.293608520338061,0.12090818495865906,2.529145778324134,15.125464260529006,0
1,0.5338484342208252,0.5233598220639041,0.27939482154290485,5.16999980464202,26.23855151506413,0
1,0.4199271465418232,0.6866660556123559,0.28834971736042553,1.2529720644955162,43.87970141132169,0
1,0.5296008241403974,0.7985654392051147,0.4229209147330672,2.1944547511723327,17.71610146001663,0
0,0.11566095732028667,0.5913472663710498,0.06839579093721018,3.1409735025841377,81.81069834228535,0
1,0.5314710328495422,0.3980906003432972,0.21157362253214648,1.6916266943587945,13.599396611869341,0
0,0.2265666685071464,0.27492158553272034,0.062288067734850946,2.8919380062620075,32.80448817119894,0
1,0.5692009746773848,0.6296569501873472,0.3584013497590276,5.626814381267331,8.645675296906466,0
1,0.6598712494857859,0.4840039805880875,0.3193803114267554,4.963116352801474,12.511752351418249,0
1,0.750096541137433,0.4330967338094785,0.32486436200840935,2.444264601557867,31.406610112881754,0
0,0.381811204894839,0.41028815704518573,0.15665261559550528,3.243144042308436,28.15643843419064,0
1,0.7749530550843966,0.32534157014677567,0.25212444373119836,2.9596275362306557,19.906500927434514,0
1,0.40711896189738855,0.5521092806530069,0.22477415719336613,3.836987874481954,17.077368590107866,0
1,0.8764280262368687,0.4857450007150398,0.4257205322311087,3.143173250031165,22.20873413386728,0
1,0.2382613423232978,0.5318985789680252,0.1267308694047763,4.319786225537213,47.317242429924484,0
0,0.4130259606982188,0.25716144382476863,0.10621435239026608,2.803087451934074,18.285905547738388,0
0,0.7028058695694813,0.2166857458658736,0.15228801404657694,3.301346720680264,52.58384008721467,0
1,0.6899262577196481,0.7478540846711111,0.5159641699574926,4.103221918301687,9.429282987658876,0
1,0.6572010102602646,0.2946581144914863,0.1936496105251895,4.134974199702549,3.1447177950140324,0
1,0.19520476635397765,0.41474543263716784,0.08096028527431773,4.9248043206033065,26.337126862625514,0
0,0.254137077949754,0.5838567597206864,0.14837965085662685,5.6183868699512525,84.26313370350479,0
1,0.3342687266044986,0.7498923069857997,0.250665546546653,5.3233266901554614,35.223480070134556,0
1,0.5212155232033323,0.6835986829301496,0.3563022451845468,1.7734222482928776,25.99733049267796,0
1,0.40813000660001336,0.5240561418155854,0.2138830366179724,1.3168399002536444,6.793864427563942,0
0,0.15938912757349785,0.266648148124199,0.04250081569860491,5.961082214004684,37.99881647250349,0
1,0.6923701542482883,0.5066208702856592,0.3507691701050839,5.814037137808569,10.37496206354551,0
0,0.1059931363095801,0.7337012425220436,0.07776729580914725,3.5848899447980003,31.820554496042647,1
1,0.39662511046133775,0.5506941167385001,0.21841911488181642,1.2388977523746068,10.724695125319709,0
1,0.5049786641965721,0.14261424804333045,0.07201715247231961,5.709817442942698,26.625208739632903,0
0,0.1152933735612499,0.5658844739080416,0.06524273004279121,5.410247757518519,26.517669629848946,0
1,0.4916717206700276,0.5557801500233949,0.27326138267624867,2.669567768904015,24.460615233024235,0
1,0.4741347375743781,0.8416764957162005,0.3990680644189229,5.792497765120639,16.362534516011166,0
1,0.6044075225591442,0.40759089620333405,0.24635100379191843,3.736639061088507,9.20643635670444,0
0,0.1528993913771743,0.06259483302281849,0.009570711872544798,2.158709320458491,47.59120685579649,0
1,0.43667188660134065,0.13145217684046595,0.057401470058779325,2.15430330642263,12.2126950260699,0
0,0.5040620887109849,0.3786950525767135,0.19088581918633443,5.507351998960801,12.477631065433116,0
0,0.15317666997168417,0.3495712535808467,0.053546160541341266,5.715721536957578,45.599998307038106,0
1,0.5528664114522388,0.7433925106796578,0.41099674967993255,5.132898973700517,21.741093976181688,0
1,0.1606648146421829,0.47191091714420674,0.0758194800305965,2.83876550297387,8.981307000466394,0
1,0.37717263467364737,0.75438441890484,0.28453315883508695,4.440739007704777,14.30863958663388,0
1,0.36810883403199135,0.16138353109685288,0.059406703464028134,4.578371546569183,9.373168665215399,0
1,0.669450532879556,0.22378055957112805,0.1498100148529769,3.811137773107834,10.368667367389532,0
0,0.5705035835009975,0.45852871616792423,0.26159227571191257,1.623035827221905,80.48645768132556,0
1,0.24599035445013887,0.8662182927438181,0.21308134486324598,4.820681997710103,15.402977555641456,0
0,0.15285839938445653,0.6917766298837938,0.10574386837561033,1.451658415140463,16.176325822107618,0
0,0.15889580362574163,0.133819122119031,0.021263296949594685,2.1855192589946153,45.98808083831558,0
1,0.8180428135274217,0.703836384307063,0.5757682960815175,4.338986186723916,63.62048478821615,0
1,0.4771796108483713,0.585052039749246,0.27917490465359107,4.736139235164239,24.787033144276915,0
1,0.5779542996027075,0.7330199275753835,0.42365201883665815,3.0263472954830126,41.948553879674634,0
1,0.8842124935251735,0.35162701520413336,0.31091299990446086,4.4054098096699015,17.84222651753079,0
1,0.5835758310352598,0.6361270866088894,0.37122839321182133,4.527266104697322,6.977181579900644,0
1,0.5883266510053996,0.3300469569344229,0.19417542084775236,2.7506247914659276,41.46064204400431,0
1,0.3772606570904063,0.5722513386086405,0.2158879160243603,3.633739732704783,4.898063585257035,0
1,0.7250110803842401,0.4337634997863218,0.31448334361133023,1.8980880084757663,7.764083154134989,0
1,0.540545681694017,0.4178483597260495,0.22586612645284423,5.053524419208124,15.328685664530287,0
1,0.32128559505533627,0.387668270709502,0.12455223103897553,4.714311104246379,11.717663329764196,0
0,0.21790973646706546,0.4824489812256825,0.10513033035769269,4.278627363665656,46.67091825607121,0
1,0.5555353745575902,0.48622250368265396,0.27011380070167246,4.797442984842637,17.520106581027036,0
1,0.7969825136557269,0.5748504123895409,0.45814572664224756,5.822707833467194,7.179164977722142,0
1,0.7825834110691507,0.8012727226682531,0.6270627405023872,5.939470867811868,13.3703296684347,0
1,0.5032663998613672,0.5758673326913026,0.2898146793213201,5.698264603991127,14.279228876279122,0
1,0.23901891615311233,0.419046874730279,0.10016012981538032,5.317168780279354,29.39007526186392,0
1,0.6764355522288167,0.6920656528572285,0.46813781206907595,3.24370699572841,10.87304091843845,0
1,0.5872856190079354,0.4717159476424171,0.27703199230709175,3.069572771963768,12.31663820684086,1
1,0.5155384180519352,0.39625656933452297,0.20428548489740697,3.12248945345553,28.850405216405775,0
0,0.29049765087304547,0.592548211591727,0.17213386349642099,4.996173716492359,39.240274269333135,0
0,0.5742290987737376,0.3777242414506732,0.21690025075321373,5.046757265091225,76.14389334338195,1
1,0.44538885030118336,0.8603900683075987,0.383208143334078,5.3354840774025565,7.231005250348027,1
0,0.6371801791482613,0.444709227704237,0.28335990537747063,1.1696976614461017,48.28993304546918,0
1,0.47294995674667517,0.37284656620961415,0.17633776736198337,2.966719962001578,16.88696939050113,0
0,0.6140992493646871,0.5230455444584422,0.3212018762354734,4.645353607065203,28.104676824317337,1
1,0.5122539782305882,0.4907316818177566,0.251379256254933,4.224317834262246,3.907718110523156,0
1,0.4888329217669366,0.5357513931615497,0.26189291885986715,5.864875504408015,15.229730339589954,0
1,0.12027525519205343,0.20519731562290083,0.024680159501268728,3.829684476118544,20.005951583373253,0
1,0.5969784094803497,0.8177686043919451,0.48819020077286873,5.760962681979501,23.700435992102378,0
1,0.7639784028085683,0.3745075638180591,0.28611569044544877,2.869472807704314,12.918775120190595,0
0,0.6253755709493063,0.4288245903909393,0.26817642305283607,1.551126024229126,46.18744254715944,0
1,0.5070140017721043,0.8207839618498661,0.4161489610878628,2.3815391033707183,30.72183664648599,0
1,0.4156619036213059,0.5979212368134378,0.2485330795094792,5.438052637274021,13.934292098993595,0
0,0.2521464341565063,0.39144129804415234,0.09870052748342721,2.5379505721096494,47.45028678749697,0
1,0.2454500154521175,0.2564826770120122,0.06295367703579886,1.5080772144880796,14.932220610849672,0
1,0.4951620465289734,0.4298934269064354,0.21286690905634417,1.5390692251521012,12.179491622564928,0
1,0.25555169721669235,0.8036704933785355,0.20537935858586126,5.628486333847922,4.869129836313682,0
0,0.24854690979173233,0.2853517009728391,0.07092328348061361,2.9076508527032185,41.95069148008916,0
1,0.47572072894753054,0.16544705567418497,0.07870659392754593,2.929263811720658,37.44749280465742,0
1,0.8546241607610466,0.492971357920872,0.4213052330423588,3.246465292359044,13.903950113693725,0
1,0.6104363212042933,0.39556126376307527,0.24146496266245276,3.9320097776896645,10.7125061306033,0
1,0.6285382223573733,0.5585282129280759,0.35105633009025333,3.0990991429767143,22.030756484701975,0
1,0.5773712064806003,0.41806635035565937,0.24137947309378838,1.6562764936463532,12.005309972846453,0
1,0.7426691928850321,0.24007513360518457,0.17829640570632865,4.4742980977139215,33.69381151901114,0
1,0.6125155834180763,0.6016056674907523,0.3684928464107194,1.855923082305372,11.9986694241044,0
1,0.6287661151422448,0.7291795344302985,0.4584833831049695,5.738217697404804,26.989359257842608,0
0,0.8271639743567287,0.1650426806732508,0.1365173596841746,3.4022470714339543,87.45951313377844,0
1,0.3755421333043018,0.48923565888822323,0.18372860302741906,1.875199440484059,18.255066046238746,0
1,0.6479003468582198,0.5726553062747047,0.3710235715655813,4.248244536058726,9.860160661174636,0
0,0.45266605792427467,0.40223128107154976,0.18207644837648934,3.8191355406743943,22.11430892830209,0
0,0.6214426454062916,0.48379067873050596,0.30064815921319094,2.722481093728019,25.375510079993987,0
0,0.2510263664566988,0.3559413418863587,0.08935066172545418,1.5569154475964404,24.656703358818678,0
1,0.6088129844207593,0.25447260007521916,0.1549262231051045,1.125766378140062,8.707789620554351,0
1,0.5381695778516243,0.35764028926395314,0.19247112349591447,4.995821810391256,42.15862295941777,0
1,0.8329942401961031,0.3402484010966263,0.28342495834942316,4.342305588523561,18.507388591824544,0
1,0.26082923494736876,0.6676028324570729,0.17413033603847472,5.182022664687006,2.2379486815138154,0
1,0.7176062421252826,0.8395606530431278,0.6024739652665271,3.979808954169103,5.278381751950969,0
1,0.6219716795022334,0.345912275929866,0.21514763922053876,5.137547549035129,16.62869291738991,0
0,0.575778764164542,0.07815199551361886,0.0449982593938243,4.729678919608907,57.45974780531179,0
1,0.30132002950812103,0.13943296143912212,0.04201394405524098,4.884609512552123,66.01239247304422,0
1,0.40878137953233123,0.6953077128374872,0.284228846053178,3.456147756183453,22.807667714740976,0
1,0.7227870065370354,0.7184646544722735,0.5192969169086801,2.4006919381570326,10.591712918562163,0
1,0.6915153757956697,0.5253515413855528,0.3632886685660649,3.5057341996648046,39.280986426230115,1
1,0.19328874585874642,0.6522981866995086,0.12608189843308243,3.238549021264436,14.247171251571555,0
1,0.7291447527067608,0.6881842598857664,0.5017859419910924,4.759934440841807,25.695027355159624,0
1,0.11097266785988104,0.520289336720477,0.0577378957549193,5.402146378913188,27.65795188173361,0
1,0.4042127249695021,0.4470904279810165,0.1807196402019876,5.744221162507137,9.825847207168405,0
1,0.4144770999813496,0.5528536539823578,0.22914517921670013,5.4007747374292165,5.907734321504201,0
1,0.49597312316004477,0.34972613528999347,0.1734547635704704,1.3956601485032463,10.896813455456318,0
1,0.243994693093759,0.21045975404010125,0.051351063095602514,2.490595127840075,9.166463123775058,0
1,0.8475649553871603,0.7956447048551606,0.6743605687745945,5.329819970852062,17.281575378209418,0
1,0.5871044235912498,0.8795755956733324,0.5164027231027221,2.4090195617106778,9.711000137278806,0
1,0.4125108671407349,0.6409214065225729,0.26438704517368605,4.44407048599581,2.895198740081701,0
1,0.5070806368539267,0.31957140396553363,0.16204847104314626,1.9844507194501728,7.5358491977493225,0
1,0.6426022415421762,0.6856584813555182,0.4406056770514604,2.9619148291465742,10.258640137410948,0
1,0.5427584275418881,0.56270075178089,0.3054105752132341,1.31712299651669,15.423678332929637,0
1,0.794276194278496,0.6137318772212799,0.48747261974671535,1.5609383303006639,25.173871239007546,0
1,0.2955913181566335,0.1731558354103183,0.05118336163544905,4.119805615275178,4.9200842946993255,0
1,0.23004579639268327,0.168078599763065,0.038665775339061355,5.1402158086405425,32.23026172334164,0
1,0.22970740456234517,0.19936608935838823,0.045795866944259946,4.327603229731784,7.479565740308391,0
1,0.07226634078691119,0.4275497932311578,0.030897459061016267,1.8118505192314767,12.965506919536322,0
1,0.8938074687519825,0.12626675884434013,0.11285817211017665,5.398315690897817,11.400352114406791,1
1,0.19695881532379428,0.8253073634019463,0.16255156057365153,4.393228010982757,20.221286413963483,0
1,0.8349933494871314,0.7548056051088285,0.6302576604214818,1.1228069745506626,18.988045528781665,0
1,0.25984927212927145,0.26590984082524116,0.06909647859044935,2.5661936525171964,25.251066543955833,0
1,0.7533817775795904,0.7974806199536848,0.6008073670459808,5.256106540346854,21.34116928210358,0
1,0.644202484299072,0.5661477086419465,0.36471376038736913,5.145259458114091,23.294056327200416,0
1,0.5154636014579559,0.787032301754292,0.40568650472601203,3.2454656818059386,31.49509346610438,0
1,0.5733591554235316,0.6278383478089653,0.3599768648422538,2.8096274388776417,10.960300073549622,0
1,0.3359779451993458,0.41489496409694326,0.13939555751084737,1.194328177679441,15.160539903457295,0
0,0.8975566919718424,0.23833279700314028,0.21391719686653524,2.036731422525035,32.70980062503368,0
0,0.7549683064914453,0.24331200510048304,0.1836928524397496,5.503225915312476,79.19092790641636,0
1,0.2839439698312723,0.0338260274713307,0.009604696523831311,4.429995301859067,18.5205059685102,0
1,0.7239786378554302,0.12853949236708315,0.09305984659454931,3.308121830946732,31.82865163623234,0
1,0.6684255487761861,0.2170567268904009,0.14508626178727896,4.405084833134876,13.478533733838672,0
1,0.12414440953396057,0.4699316400210206,0.05833938597173532,5.564639042040375,10.982672117465402,0
0,0.021831645496400858,0.7410226343451044,0.0161777434578314,2.722388517457187,46.26551639374711,0
1,0.519899411654209,0.046837563456402415,0.0243508216843003,4.507005646908543,30.852229571433135,0
1,0.6304252784417221,0.38624494054706127,0.2434985741910875,2.8335625814560483,38.15303135419206,0
1,0.7883078885168314,0.3529368550605016,0.278222906992515,3.3782605337575995,20.50273544780903,0
0,0.2699649703256335,0.28785608849497385,0.07771106038859854,3.753258638302013,76.14231672291336,0
1,0.7066692229316749,0.3039085272132117,0.21476280276807008,1.1803027774820216,46.76154899023356,0
0,0.15536226413808837,0.20267572207407547,0.031488159067250304,1.636667197533236,53.10277654091722,0
1,0.10812422883655733,0.9314180230724877,0.10070885546918348,5.80011628975037,29.712144445570388,0
0,0.4431652075463793,0.6934660075146987,0.30732000714661045,1.8709270680999066,32.513024221428175,0
1,0.7523432280065728,0.2531998047193944,0.19049315841322306,5.731577136839753,13.257746248513465,1
0,0.6195946381575508,0.3098450987114637,0.19197836182101996,2.023609712705216,57.27491364815235,0
1,0.4559992542657642,0.7764521023098498,0.3540615796263764,5.792389070467278,18.607003966750124,0
1,0.3788184780326499,0.8119374016333243,0.30757689074452027,3.02100940153196,14.060339452896308,0
1,0.17296965575508239,0.6157807948595851,0.10651139210745345,2.261021444962438,4.842231676020063,0
1,0.626094504210151,0.7895220705371296,0.49431542931591604,1.7725745011714364,14.847899499987108,0
1,0.42454802688998333,0.3234337684682528,0.1373131682327884,4.776609926672421,11.568963231007942,0
0,0.431135077105207,0.6325212038925971,0.27270207801091323,5.571638121436564,32.16254788455109,0
1,0.309765677963089,0.796621718536946,0.24676606672271814,4.060962199160056,14.946998822669633,0
1,0.5681052321088771,0.27101076016719317,0.1539626308087865,3.5338196983511634,19.89520858841035,0
1,0.23552542607568028,0.7408995061825702,0.17450067187291096,2.97014390091927,17.047572666290264,0
1,0.5946183051763257,0.3323420785229854,0.19761668347011496,2.7508950901393368,30.29666379951563,0
0,0.6564021916187276,0.2775551246798763,0.18218779213487998,2.896929604663813,20.37522953554611,0
0,0.8160785123357384,0.379579744796125,0.3097668734460009,2.57067387049022,45.488787609453986,0
1,0.4338704064727449,0.753209867053399,0.3267954711777403,1.9980604561743038,21.850420555702737,0
1,0.8418081598036476,0.11720670483128617,0.09866556051067431,4.458760168233239,28.584089920176055,1
1,0.2524132158453545,0.6717947435865617,0.16956987161668935,3.778109405959591,17.071017082948586,0
1,0.7464174875126944,0.1844932113017415,0.13770895924299453,4.187013552480945,15.163363903682416,0
1,0.43087380366329264,0.10866944083567262,0.0468228153148294,5.092586951272308,4.487386816223481,0
0,0.57906352564571,0.347517906393472,0.20123494410121973,1.7848271557442288,59.404438306983266,0
1,0.7206843042993807,0.37431274940227555,0.2697613233933674,3.488334136709841,30.902526053389707,0
1,0.21994048348133155,0.7765319647671018,0.1707908157695847,3.42308469547258,19.66861077351708,0
1,0.3982077558970217,0.6269581640189177,0.24965960353529004,1.3946983785160225,21.242318619837413,0
0,0.8040395326108792,0.2941041321568719,0.23647134895833957,4.377802535791501,31.942305830865457,0
1,0.843041345493028,0.4375584986163027,0.36887990540539706,2.9732859480644835,23.57076621273908,0
0,0.32633999115849643,0.7352966335966906,0.2399566969068162,3.082566843379439,16.892340414018253,0
1,0.14754746981641825,0.5785699082922304,0.08536652608043574,1.1554554669692154,9.846627881186182,0
1,0.3646871905132503,0.21160932550675932,0.07717121040546393,1.871254213656088,18.686532440713066,0
1,0.4634202067944739,0.805821331714007,0.3734338881823035,3.055696600879876,4.853947482871406,0
1,0.973475515285742,0.5432358434700258,0.5288267926436682,2.2012937299453736,1.0169616924965952,0
1,0.167819641511483,0.3293525046921505,0.055271819268345714,2.070938132187515,13.367978058386704,0
1,0.38325898100786254,0.9342731904206063,0.3580685909435663,5.3575616103888235,57.17291751397099,0
1,0.27071869015162775,0.5297062732331582,0.14340138845478081,1.8304085949104578,40.873375623095185,0
1,0.9197660364238585,0.5116982598762497,0.4706426803313637,5.593722105910773,10.659245560445449,0
1,0.32935745973297664,0.414602431598926,0.13655240367053748,1.7007921713897654,9.670625401243688,0
1,0.2600811399826733,0.48285092312757905,0.1255804185287069,3.553290925233569,10.737905367480575,0
0,0.470119018872768,0.18713110180318715,0.08797388998029441,5.804681352443031,51.33270332293794,0
1,0.6137349989009295,0.4993538429032272,0.3064709302253871,4.197683162038482,23.59840188661088,0
1,0.5470895361826658,0.47777577629275403,0.2613861278513159,4.178380127361453,19.51719178173122,0
0,0.08834231914724626,0.7424003036533048,0.06558536456035279,2.4998321624841724,35.98019060580781,0
1,0.4982192636743305,0.4217059949171298,0.21010205027466336,2.860752551260718,19.831934529734554,0
0,0.2712026644156432,0.5143876288591537,0.1395032954890475,5.51960074099108,54.95096204133924,0
0,0.19337684337890754,0.4430564341117782,0.0856768546672506,4.887175800087317,21.654354204097167,0
1,0.6256786954718746,0.7044511264015726,0.4407600617906286,3.7208175382457473,18.696053929893758,0
1,0.285940511414253,0.827991657690658,0.2367563580468018,3.6272932597475163,33.42893120782267,0
1,0.5206275680088928,0.398524138040859,0.20748265278105268,3.066165039627869,13.75719078312752,0
1,0.47113463949455986,0.7953060065411787,0.37469620867963627,4.962363327793886,16.845416885679995,0
1,0.6921763822193351,0.5631495167676469,0.3897987951647966,4.423904592211727,5.059676191374959,0
1,0.49162909935838645,0.5976189044780531,0.29380684376809085,4.43907713898144,22.2857365465907,0
1,0.48701942627264455,0.27484775124684724,0.13385619412456606,2.2660782155165085,9.859171605961693,0
1,0.3880838272760376,0.46847446968151446,0.18180736517511417,4.555551880997493,14.818828903279446,0
1,0.8858630550081676,0.47886677291859003,0.42421038239956466,1.4676507565396415,8.516893134596613,0
0,0.3217754761927586,0.3812309031625083,0.12267075540451154,4.496843399310228,47.81400731099847,0
1,0.640251928029814,0.48951869087051164,0.3134152856364756,3.527410936238766,37.11419939322124,0
1,0.6360820407544401,0.4570212311520882,0.2907029973793269,5.138574523727002,23.207399481688505,0
1,0.11902914820426776,0.9187081310045497,0.1093530462818064,1.8472658980358927,6.071819980696046,0
1,0.15583579838333828,0.313882967187082,0.04891420279053009,2.596967440786842,20.269078070229178,0
1,0.4792894470065447,0.8641663518687237,0.4141858129088237,5.013229189976989,20.415123047390807,0
1,0.49275504939035003,0.7605649840590601,0.37477223628459294,2.5415240337253833,24.801960652253477,0
1,0.6381562190199903,0.3051567907798756,0.19473770381235966,3.891542259593367,21.385296439242087,0
0,0.09328997128219649,0.26401182345565305,0.024629655428338202,1.7840745116221837,64.80850661335656,0
1,0.5472208792006517,0.5902552756580565,0.32300001089842467,1.5981522762052145,19.5134475409398,0
1,0.683622942576353,0.7591939736256612,0.5190024182362086,2.639819177028985,4.103088738500087,0
1,0.7289656262554846,0.667515483682065,0.4865958425975292,4.080269714392708,33.35286930978527,0
0,0.4047767347983332,0.3952174761806348,0.1599748395436354,2.248964043025068,31.672804677053193,0
0,0.14243768338926382,0.4379361429028014,0.06237860966750463,3.1073137092670384,16.841422382526687,0
1,0.1926230558708774,0.2929870806339115,0.056436066802391195,3.600246559970442,10.57371202044033,0
1,0.868474573255097,0.2192434687863659,0.1904073779932063,4.005251572677206,18.883403610112836,0
1,0.5132228683722834,0.6388721395133277,0.3278837919641676,4.646316395823662,12.798199322575293,1
0,0.9732726872063745,0.631764326894818,0.6148789641180459,1.0425236525530537,49.703529497011985,0
1,0.4197301298166548,0.6099174830207547,0.2560007443257487,5.437561076009621,13.538273116237997,0
1,0.6463268067013078,0.477949421530184,0.3089115233823411,2.8531081010521744,16.626004092105017,1
1,0.9007138203882238,0.8270410662269859,0.7449273183792585,4.934900581822127,9.59028394587686,0
1,0.7392794272555048,0.7212552754890237,0.5332091869685367,1.1772936347446947,10.362136416795856,0
1,0.729073472476654,0.8058148764443565,0.5874982501426329,3.797453774346121,33.96878207613828,0
1,0.6282545210324871,0.7664375043550432,0.48151782719991243,4.241763328548228,14.083500967572572,0
1,0.47277203960017466,0.26271575422767923,0.12420466296131812,5.850578928912786,29.053266021116915,0
1,0.5362524927433157,0.5124429963621933,0.27479883418808,1.5283646018091481,16.74819880696554,0
1,0.5086941191855525,0.30462922074778637,0.15496309312647644,5.619375195602108,8.486247486445787,0
0,0.593457495045519,0.8691854883332817,0.5158246426361855,4.644860030002877,58.38159983168848,0
1,0.8038643829959251,0.2411691876019546,0.19386732018927375,4.753512754679206,5.153500394314573,0
0,0.5934547367928595,0.4698704110734754,0.278846821130362,2.1131168191209477,74.03403930166665,0
1,0.2772045322000409,0.43672403166195684,0.12106188089736858,4.986606236742434,24.47083591036369,0
0,0.19274293108080828,0.28834194871450225,0.05557587234878526,1.1102803365502458,72.34716015406205,0
1,0.6660807829466308,0.7078514456426329,0.47148624512354936,1.019717454428056,29.84774622534902,0
0,0.5568503413100171,0.653959073373245,0.364157333210674,1.7648081958541386,33.278845322681065,0
1,0.2771197654299881,0.1975152936959747,0.05473539185786372,4.476880278317321,7.731676384344264,0
1,0.08515153010371274,0.5674783677012708,0.048321651310520526,5.84250361014708,7.202542037623351,0
0,0.10087917207768603,0.7706283539807156,0.07774035032916456,3.448529424824322,75.50323728624048,1
1,0.4346629646124315,0.5487391114025165,0.23851656896100915,4.385493595124084,10.008043707028115,0
1,0.6127792309545443,0.9034877177110798,0.553638508835872,2.0135168045990617,11.05546715711619,0
1,0.789995253886308,0.6905089474419366,0.54549879124516,2.7353433337308943,37.8128031843476,0
1,0.4956301875498364,0.31167444078005024,0.15447526153830668,5.583501953809825,33.68911066626372,0
1,0.5290241375669291,0.4650404075458261,0.2460176005357039,4.583215158729224,28.82849749462691,0
1,0.7423490024255894,0.11933092284922092,0.08858519153564413,1.5859276141729919,10.395903876790836,0
0,0.7096912838106965,0.7916882838704764,0.5618542745579255,4.717957537061533,49.75808596488987,0
1,0.593552262277861,0.5415386972149902,0.32143151884296295,4.329588900003188,13.524246177950657,0
1,0.04193208526049994,0.2470318250784548,0.010358559551246675,5.97299164554241,4.0906591124494005,0
1,0.9260450375349061,0.6382198383317528,0.5910203141434497,2.1118155147022653,39.77286920425022,0
1,0.1405053734195307,0.8135574615028923,0.11430919492670936,5.8704861247310145,11.083187767740826,0
1,0.9395582128996094,0.3014017809803476,0.2831845187026549,2.9486074894922396,59.3454557093037,0
1,0.6750256601127794,0.21814772550342976,0.14725531241005407,1.0373191020588397,17.748224536419958,0
1,0.6603015579098336,0.1927927522968439,0.12730135469533066,2.1533627049462893,9.262582712624777,0
1,0.7436866737763557,0.6283327533550298,0.4672826953673414,1.379494204946786,24.160332577857684,0
1,0.4935230317114728,0.6652592573019197,0.3283207655377662,3.7571546364377664,6.494525357997595,0
0,0.8364346205068861,0.5807726820436272,0.48577837790592776,5.622962766593244,97.06285865653345,0
1,0.9302930046814016,0.596834853739988,0.5552312893843583,2.8644591297823343,12.635762860758945,0
0,0.07510503587737487,0.5110995303439908,0.038386148563394874,4.308179340952576,69.82570212869379,0
1,0.45631012215594824,0.22622741452898457,0.10322985915874529,2.3627743654868034,19.43640263755015,0
0,0.19748023052142558,0.4661330096872083,0.0920520542066758,4.384371168364053,28.107885183378276,0
1,0.8267448464862787,0.5198359136188222,0.42977166260284755,5.662070318226663,5.8556303369219425,0
1,0.8753750506404058,0.4255351720901101,0.37250287281765393,3.726896382859538,48.0791284203736,0
1,0.5838866907044193,0.5875275783495191,0.34304953342008215,1.1132917047792086,13.567977267690667,0
0,0.4519662123460313,0.46804753453420783,0.21154167138132418,2.7479895602885276,27.644112717971673,0
0,0.22219012954143197,0.5101705466265687,0.11335485984318046,1.1596473916044365,107.08815291746862,0
0,0.4375227272246073,0.2945011385375565,0.12885094130370361,1.9651660572480614,63.49085616483623,0
0,0.707272277394723,0.2353802607821081,0.1664779330971254,2.155564721134272,20.126047487507634,0
1,0.12636156766200696,0.572981211654809,0.07240280414557787,1.5776059683796881,27.223559492060815,0
1,0.576536511118648,0.5323374609836827,0.3069119824932918,1.6869822465763824,31.62672837719158,0
0,0.5214503315848926,0.320730207359607,0.16724487297695845,2.0624780261101003,45.298669885420665,1
1,0.6213905534018529,0.6824858631576036,0.4240902681964446,2.349595765133782,4.609011660856558,0
1,0.7959058576563091,0.43516918169201163,0.3463537007801747,2.7925281362450907,7.992934276740771,0
0,0.06405234329891342,0.36926592288985904,0.02365234766153134,2.349943686745792,4.377107650427379,0
1,0.8368955979323665,0.3769137989510483,0.31543749914209734,5.159911371013005,28.903731237504726,0
1,0.29894051999667937,0.4117985784440049,0.12310328117394419,3.961988362459074,24.072944932643505,0
1,0.4365960404288686,0.29791703754732973,0.13006939896946274,5.115084414366609,8.473217724526405,0
1,0.5116929396621258,0.5078794679453527,0.2598783379469939,1.166407849398254,12.691387567772566,1
1,0.6015610125712194,0.6549073939197778,0.39396675502676,3.984468507369068,36.99669218625124,0
1,0.5979621064434044,0.8892758199825316,0.5317532425259403,4.3883686635527015,12.266564174069782,0
0,0.28736356509142735,0.4173194169509065,0.11992239543688833,3.2825446589348064,60.66818989660152,0
1,0.7605009298322031,0.5663621260908126,0.4307189235138064,2.0024707621807796,19.861177747312063,0
1,0.7031019032153489,0.5505309858540025,0.3870793839329715,4.44074665737809,18.214784596682286,0
1,0.955265900351283,0.4968149729769111,0.4745904024687873,3.24181080412381,34.010485402231076,0
1,0.7087267587010573,0.7691429192624395,0.5451121681467377,1.2826845108603933,12.923771475340676,0
1,0.45875620189973587,0.7003069539707261,0.32127015836758344,5.718472491624573,14.42471824556645,0
1,0.3241284728992274,0.27659597239824846,0.08965263014352112,1.8383719386008304,17.70837898425325,0
1,0.7632566728070849,0.23497582148772442,0.17934686369883207,3.0753040080807246,21.769103551452194,0
1,0.700088874253488,0.8378485847659655,0.5865684725036828,3.134570008677805,3.760120485474026,0
1,0.24353015794473393,0.5244769684503062,0.1277259589650783,3.3204481884525707,11.933343951561014,0
1,0.5119780630094103,0.7057988908328768,0.36135354900280653,3.6228122017613984,9.179447062832331,0
1,0.84391245903013,0.6074993434407724,0.5126762647822917,4.630686915382043,37.76996976886523,0
1,0.5386923211536652,0.5507240401187011,0.29667081148666735,1.1293120126174907,69.66462135956685,0
0,0.5979593507548298,0.18005324216074542,0.10766451978374147,3.43758680282813,19.681472203229248,0
1,0.1368397110942475,0.3716921202518085,0.050862242351265775,1.8140552558827907,16.66961302896017,0
1,0.6626769324169772,0.5397129517118924,0.357655323226149,5.329146437662458,19.934490054242335,0
1,0.6846501207754029,0.3883826550672058,0.2659062316988341,2.1126118049530382,23.633428587659523,0
1,0.42217985890536874,0.43232819322197363,0.18252025561526583,2.007597899693724,41.869288048983876,0
0,0.3271436361725996,0.1542895265259735,0.05047483673105573,5.791384365608758,38.657320488713374,0
0,0.1192656314888585,0.5440953769011714,0.06489187871628668,1.5145148711181795,44.41209498204796,1
1,0.6744744390045286,0.4281001975801487,0.2887426406005987,4.296321535113282,11.902329586764033,0
0,0.3053744585630063,0.8907649612021766,0.272016867734012,2.8573584508401675,33.711141149444224,0
0,0.5310276909119414,0.5023796670860702,0.26677751457382565,1.5698529352034916,71.90153454377693,0
1,0.5379700441598942,0.8962193014060021,0.48213913715433654,2.300066398264484,7.211402995503761,0
0,0.29321032049850254,0.2532188987489223,0.07424639445844937,4.594010392686614,25.35634413920243,0
0,0.09733647038710476,0.4457930078172828,0.04339191790418531,2.3398343722840127,68.21541025833608,0
1,0.45494650639810136,0.4824936056920623,0.21950878026902682,5.604405932020818,26.789065290860417,0
1,0.7080993700732455,0.7081348935073407,0.5014298720194328,2.440213957487346,11.095338245668005,0
1,0.28355958910175116,0.709546163786915,0.20119861865214145,1.1158008726633453,9.704381934565648,1
1,0.7916744129647515,0.20272854349827454,0.1604950006651956,2.932882976386577,6.680848071818717,0
1,0.3427950585161676,0.17008096378907314,0.05830291393456151,2.9649345237546934,4.47039384326391,0
1,0.45545047702429,0.6500660942233167,0.29607291271132663,4.378818788427707,10.88169767180243,0
1,0.33901579241379615,0.4234243023541367,0.14354752538984647,4.052576132901981,30.344170845354327,0
1,0.3205693289088669,0.2946393582888951,0.0944523413568103,3.9660378641735057,33.85765040504032,0
1,0.45376771298138574,0.7968951013279907,0.36160526761567197,4.726046809501167,5.037650452945289,0
1,0.8210140198011462,0.9207152061105965,0.7559200924609017,1.8034119638898112,8.873664727089135,0
1,0.15497843122291843,0.44545055657675986,0.06903522844564211,1.246438731928607,23.57921769414073,1
1,0.2966050094996261,0.4357661009896731,0.12925040852365702,4.247188863846109,27.895727342583,0
0,0.10190561191068126,0.5305278305254669,0.05406376320534391,1.1611729311481964,55.171722585984384,1
1,0.25007596605658733,0.5272584548926664,0.13185466746878713,5.641158980511652,7.810604020843728,0
0,0.5795540835717424,0.6214178324649952,0.36014524240938883,2.9505485622785974,55.59420021814289,0
1,0.8437195855248895,0.4431627248671433,0.3739050705449868,5.477705999062119,9.609457738316515,0
1,0.3248077609569906,0.7290703700536864,0.23680771447722243,1.1128866147244794,28.298704444117874,0
1,0.9799285130594729,0.4946171253905296,0.48468942421769257,1.7497108846344736,6.457727533419095,1
1,0.6131668216747094,0.31624553347438217,0.19391126862930982,2.5968301175360162,15.652436358519441,0
1,0.7440906447412503,0.7382452051719102,0.5493213506935033,3.936535893382184,27.892408229623197,0
0,0.24803683406152716,0.66030884635216,0.16378091575200915,2.034414654505335,86.20916756893912,1
1,0.5266579107578468,0.5216996457362637,0.2747572454665695,3.0775123121590005,13.850931145829644,0
1,0.5539323429210468,0.5774182851651946,0.3198506635470093,4.247836395411088,20.147459539831196,0
1,0.34254827944038535,0.44522981489517977,0.1525127070479051,3.186307878690532,4.162480562676319,0
1,0.07731642536612754,0.2610770144259551,0.02018554150067576,5.687662224062691,14.27901231217502,0
0,0.4804549012248659,0.4234639483028229,0.2034553294541245,1.1337393649092256,55.54314660309076,0
1,0.3811493240377567,0.5240474253839703,0.19974032194882702,5.643532974437186,25.918304798426632,0
0,0.35910819723327075,0.7756819972003707,0.2785537636409281,2.51394835738715,103.83184201242807,0
0,0.4055754315736055,0.33393778087143666,0.135436959595665,4.123711188936005,37.97089862111542,0
1,0.5172549096186969,0.29789180701048845,0.1540859997113605,2.995472498860816,51.32720582357724,0
1,0.4080927692016485,0.752737996197246,0.3071869333514341,5.181091545936183,23.43225026506706,0
1,0.7602726894428304,0.7430173456126106,0.5648957956515724,2.396827964742484,15.686592926399769,0
1,0.6898561067740506,0.5983241029725099,0.4127575362656919,1.0444009663322442,12.191245497797222,0
1,0.48765127753797033,0.5849709281167232,0.2852618204186923,4.99305623071151,18.089044397449573,0
1,0.20579609697246923,0.9429953093246952,0.1940647541223686,4.6397718333623885,15.641520068584544,0
1,0.537068834815133,0.7209645534787648,0.38720759267985283,1.7067516690759463,27.082673216115303,0
0,0.5754262149790318,0.5024353713148271,0.28911448398727535,3.980868253309877,45.446802480216576,0
1,0.7735241435980843,0.6676703333997014,0.5164591228488514,1.039487816598266,13.465399618297141,0
1,0.7360550736274519,0.17698467920808922,0.13027047108544107,5.754059216288416,11.887782048677648,1
1,0.49518710642826946,0.567090688490488,0.2808159971160199,5.17149443356343,32.353051288346315,0
1,0.4585664576018411,0.5509701908230951,0.2526564486499571,1.8589784670666774,19.698415041723912,0
1,0.4536324081364678,0.6512197519706501,0.2954143843124793,3.307788292812777,3.022300193886938,0
1,0.6948418145645816,0.8856992226592051,0.6154208550309614,3.9655415444891764,24.54333961093795,0
1,0.1907643304361418,0.7300067016003627,0.13925923964468956,5.744597224342508,5.634497066579629,0
1,0.6334190600415679,0.7362200909418339,0.4663358379880941,3.610528195148758,46.86229500494538,0
1,0.7668815149690312,0.6311034518428662,0.48398157125144226,3.312169563158765,12.377408114242616,0
0,0.30142124347419363,0.6984708871977534,0.21053396334967006,2.8284160169350234,54.52171957782099,1
1,0.11576315775448634,0.5801397683568618,0.06715881152394655,4.214051271443587,10.9567375371488,0
1,0.42401713619620496,0.8923543953146285,0.37837355517340493,1.6293207012461677,16.5822647194043,0
1,0.5643405733778207,0.5664760380547597,0.31968541212061924,1.5914681123280037,17.460965894384138,0
0,0.7241478235309357,0.5773932162348079,0.418118040857963,1.8594589768851213,47.29263039127767,0
1,0.31130034341259305,0.5304059808972209,0.16511556400139812,1.118215592561175,17.270479956367947,0
1,0.4271854528961577,0.3780650672222083,0.16150389696553535,2.3345415481548404,10.378947838016572,0
1,0.16479959985001513,0.5564529852377293,0.09170322930252417,2.370104872709261,14.094332529880822,0
0,0.3676782071960843,0.1847324079285431,0.06792208055818243,1.2615112509079958,61.80861643576583,0
1,0.6985564053297207,0.4300162772423132,0.3003906248636589,1.67827079017875,21.696532277933223,0
1,0.6969604774228595,0.5381729730352558,0.37508529222273157,3.5183844351883877,9.430312007078424,0
1,0.7056600709896378,0.4822563435859623,0.3403090456500733,5.594311226615594,32.324794522860444,0
1,0.28838910479899776,0.4745088316269129,0.13684317717210376,4.169234336767886,34.15570221482065,0
1,0.9049413198286851,0.40868982298735973,0.369840307814733,2.0635240273222877,16.430778118309842,0
1,0.8843269255918988,0.8091273529193028,0.7155331044194384,4.834240964539779,15.44828469241214,0
1,0.5999512404160835,0.17852351320425286,0.10710540319032856,4.015651125891072,15.885924974683274,0
1,0.5588227262084543,0.7014775445123137,0.3920015937983835,5.52792550975066,54.751552230762016,0
1,0.2557740726791469,0.4662852148595827,0.11926366843470654,1.5852463542381185,33.048793976518176,0
1,0.5580723954683906,0.6287671838951838,0.3508976085082993,1.7647406891543906,10.233834315271391,0
1,0.4505796256924181,0.3758000854611121,0.16932786184224663,5.284111676884721,13.101207998977664,0
1,0.6043097186130209,0.3653289338320187,0.22077182520522212,3.984803527702767,44.401611169902765,1
1,0.31324131282890594,0.6558820219190811,0.20544934560681022,1.012040719084812,17.029376825883016,0
0,0.5797522357030456,0.23549129963707363,0.13652660745320924,1.9026148134309508,46.275988248190764,0
1,0.2856516650053596,0.9305626820088484,0.2658167795076805,1.1766372235397384,22.72622608903705,0
1,0.34946067963085076,0.7747628758228927,0.2707491611378205,2.1167694850713508,12.618349402980666,0
0,0.341759711358594,0.34471427334833443,0.11780945056071425,3.8253389162710647,88.70771882198237,0
1,0.04436692656879743,0.5448629217373328,0.02417389323878066,4.336720119019736,2.475865466592544,0
1,0.860429069934956,0.6174979906423858,0.5313132217751322,2.388582579146018,17.432349720806894,0
1,0.2348839901416104,0.21858324175901953,0.05134170400244679,2.7190994220040507,11.289945520721782,0
1,0.15623599856217588,0.44136173080917546,0.0689565907401018,3.017600711516585,11.220833246194061,0
1,0.6631141398677639,0.20493409465960816,0.13589469590978498,4.342109581656753,16.280579955579817,0
1,0.7039112853485473,0.722690156068645,0.5087097566670221,5.882612505666503,32.48842067409577,0
1,0.24600366704215493,0.5600423344870514,0.13777246798266377,1.4653858067628143,5.704838994446496,1
1,0.5404405149990236,0.4769104959600761,0.2577417540451033,4.042815114995074,32.96096581520753,0
0,0.5066406143622445,0.3467056059327791,0.17565514119261744,4.961267985087082,62.05755028460646,0
1,0.8093970752951997,0.6417606615886925,0.5194392025294001,1.8142362653238537,7.418674638217289,0
1,0.7708173982045061,0.7289814866271014,0.5619116128611552,4.210267502113906,33.05404979785807,0
0,0.545405792140848,0.16543955984834469,0.09023169419051966,4.6158029702742525,61.25379098825425,0
1,0.3228356416867202,0.29781174032747093,0.09614424429045797,1.1238416070312265,16.562967723873538,0
1,0.5739234039746052,0.5829264522403471,0.3345551337366201,3.739041185554088,4.727800971713231,0
0,0.22247746286180323,0.8899150967813628,0.19798605289433366,2.6779892471752538,30.461617094770897,1
1,0.22383146847560847,0.05748561449100725,0.012867089507744872,5.3185975995404275,20.688088042594543,0
1,0.7084671834670551,0.22923960129241383,0.1624087346667471,2.715408417730322,10.857502877611457,0
1,0.1398100506640602,0.7947223129633546,0.11111016683926571,2.954799039841123,3.9023582832261514,0
1,0.7840857883345029,0.6701415163255946,0.525448439123833,5.190880073810388,16.569276594946306,0
1,0.5803538931422866,0.3174774723148411,0.18424928704289054,5.838180365898003,6.878753792612342,0
1,0.19760204731508507,0.46651570627624933,0.09218445866482974,1.729100867107072,14.117801870659548,0
1,0.8181813290907791,0.16794764290794786,0.13741162569208834,1.9588598533288901,25.250111600098826,0
0,0.7254072740504728,0.6103095157450504,0.4427229621436811,1.5971654339615302,34.081048489985385,0
1,0.7118869793134543,0.7955662035946641,0.5663532215208781,4.614149578876976,11.150132035769744,0
0,0.9113551097339426,0.030122122419501213,0.02745195018304378,2.0440946714271435,59.26354749927334,0
1,0.8307594812615263,0.1722005091784924,0.14305720567809505,4.696176485413293,27.747087410452558,0
1,0.3508147253140859,0.38331795161749693,0.13447358190465025,2.570967280279384,16.850068513713047,0
0,0.3571856803577273,0.4680394239268536,0.16717698006955195,5.6930308311454985,52.87434219866701,0
1,0.12430681265095797,0.4303294014011555,0.05349287627817233,5.743862902516273,3.78003188679905,0
1,0.6131645174029312,0.8091615981569247,0.49614918083487525,3.920340224466018,32.35765827713148,0
1,0.5900140361722261,0.1479343130641416,0.08728332113933987,2.400527654857129,7.705660504589529,0
1,0.9082281614290438,0.47887842871985953,0.43493087486426746,4.888163025090238,19.47635681573386,0
0,0.5286550264381275,0.25390648295393475,0.13422893845882433,1.1098833947050974,72.39307513095362,0
0,0.0833197088753456,0.2228013795782399,0.018563746083484316,4.1934519069322675,54.31981166089129,0
0,0.2704217441073982,0.1364602081003112,0.03690180747574467,2.843275720775485,53.06709396867339,1
1,0.7641475542346832,0.6147673287263083,0.469772950669598,3.84777018108421,21.9569182014461,0
1,0.3708656486755563,0.6522279176874509,0.24188892977746385,3.4308864674441706,28.27046009138192,0
0,0.5273706306911885,0.23403295347205708,0.12342210627508031,3.6567155263515296,61.35180936900247,0
1,0.6770173895666309,0.47123448526103845,0.3190339410852033,3.387125426292309,28.205392255021295,0
1,0.464758051250646,0.43436906871125375,0.20187652189780025,5.059836610442417,20.534500591317645,0
1,0.7989417482771832,0.2871460947860121,0.22941300297930228,4.373345906278869,31.360102767874455,0
1,0.892746423926319,0.3050137740373462,0.27229995602011114,4.95019110819114,22.626940146500196,0
1,0.7039653739898516,0.41063462623129326,0.2890725582280953,2.230284902434127,15.175708590196532,0
1,0.5208771419023656,0.5447292652692188,0.28373702280400626,3.9953923447716746,23.865865951564817,0
1,0.32998383863740466,0.4365693674878487,0.14406083571514408,4.379195060176258,7.2489102064685635,0
0,0.28818506576331554,0.35772933240632476,0.10309225118498366,5.588068163161748,46.46952167168428,1
1,0.6088946401119866,0.3266987202863413,0.19892509971379835,4.424682185617801,4.069661994973413,0
0,0.26482653605254525,0.4149755207990205,0.10989652971980554,3.612393245435972,48.414251497351444,0
1,0.9174324303063754,0.9406392249138215,0.8629729301541925,2.1866775737318602,18.652948488869118,0
1,0.3364244487890779,0.5931500958287418,0.19955019403837318,4.613471601297649,8.163527298179481,0
0,0.6748434944497048,0.43662305118229194,0.2946522256171502,2.097281168847732,19.21673389256881,0
1,0.40477927627018323,0.48792625087107344,0.19750243470081696,3.2397371899069447,23.705216293214445,0
0,0.11175269906341977,0.8746479567854638,0.09774426990108091,2.853689398425357,52.08292470317931,0
1,0.3550613668330224,0.6120387543066109,0.21731131665888567,3.993692178140726,20.57890205524913,0
1,0.5776422262968883,0.8711178999232023,0.5031944830787085,3.1022988812538825,15.060513253543078,0
1,0.3078948854094819,0.651674250764402,0.2006471687634155,3.840004875990682,6.497478891862648,0
1,0.7551066612373083,0.9365006568595694,0.7071578842477756,4.12625503843921,23.931099527522804,0
0,0.1141520084028859,0.17435919444710574,0.019903452229646432,3.7437643886263547,18.876373072568505,0
1,0.6196628730812765,0.4073541485088842,0.2524222420265922,4.368227683081075,16.825977513201696,0
1,0.7397700236753316,0.5286846836473142,0.3911050809385589,2.6539910973235865,17.888830982300092,0
0,0.31754651125559713,0.26617930059137185,0.08452430827124503,5.505043145853541,37.270050250888964,0
1,0.6209051459122696,0.44079255936496486,0.2736903683895463,5.134774096979,17.63127520772038,0
0,0.6059716883610289,0.758114385210981,0.45939585397708155,5.807704352460994,89.32779813831394,0
1,0.4331449465878885,0.7713945633824585,0.33412565695448254,3.9925531734079214,26.040283846468633,0
1,0.6366244206160031,0.2772623162450606,0.17651196143816272,2.597183197683931,13.134911665492918,0
1,0.9092847248355362,0.371089516305619,0.337426028723307,2.069609261537736,18.327724676998763,0
1,0.9696250196268384,0.8237016756118332,0.7986817533817835,4.655989998114209,22.47633691503545,0
1,0.6851492649300877,0.36557523955098487,0.25047360665499796,1.8265257376876145,10.94362352457929,0
1,0.7714752355329821,0.4741253766723991,0.365775986640503,1.5377165043746972,7.987628654686922,0
0,0.3426582109703955,0.20347143980246,0.06972115954628147,4.490483541747059,54.31967492622917,1
1,0.7532239952935611,0.5263369497765666,0.39644962018133195,1.5870844410420655,41.73538250850689,0
0,0.4643088482041174,0.21001206279795173,0.09751045898668774,3.0013427607429617,42.83085347014425,0
1,0.6834522507327537,0.2455557815421696,0.1678256515754362,5.337631090540379,49.13838890321469,0
1,0.7599003775935322,0.5492903829262986,0.4174059693941902,5.037957195809213,17.468430774909123,0
0,0.29247910194748505,0.3443324644846106,0.1007100499838232,2.0640652510070088,73.61014049664253,0
1,0.16691995679866814,0.6122734497406217,0.10220065777967609,1.0571455261577458,23.875070755354514,1
1,0.18679873701584132,0.4593516254702883,0.08580630348402363,4.277775561944329,25.051026801340427,0
0,0.6873205540537181,0.346480398514398,0.23814309947566906,1.249217720172707,37.75330025846596,0
1,0.011680304082745544,0.5636963066814269,0.006584144272359655,2.4961505030082822,45.39356289167516,0
1,0.917855416019892,0.3724198361022435,0.3418275635996847,1.7486102464823008,10.388598544136567,0
1,0.7638704844976685,0.0459806497191438,0.035123261178479956,2.9371076484567973,14.726533620692571,0
0,0.40748817578925767,0.3848922750590175,0.15683905103917625,2.393107871268198,38.81569190958007,0
1,0.24484177503451932,0.5395334323220269,0.13210032326019175,4.266228386462105,8.72729135374858,0
0,0.6410989890764678,0.2556444292123266,0.16389338513105323,2.2236418635785022,46.33525661165372,0
1,0.32265530392469954,0.7444510141939236,0.24020106824179122,1.3209574101681079,15.910750354468785,0
0,0.2838990344817634,0.36798244270838565,0.10446986019115151,1.9448430318128176,68.4360900608988,0
0,0.19257449228232526,0.019783178448875057,0.003809735545522753,2.6752336566237886,44.0076206081509,0
0,0.47164725219675635,0.18276249490908777,0.08619942852849492,3.9997625630617106,64.83507272985858,0
0,0.7906170862590721,0.3535012560080446,0.27948413301400254,1.8901945418163097,75.32248753231728,1
1,0.9739783362134355,0.7098693456860532,0.6913973642402222,5.299532226454172,10.10178820520494,0
1,0.7080979103356375,0.4328084276411489,0.3064707431883505,3.5215243973388684,10.10486598663578,0
1,0.4306675695813812,0.7271031133477198,0.31313973066051803,4.428760204641076,19.20099427566901,0
0,0.8282900010025822,0.06084362483128286,0.050396166072504016,3.0720693121244094,45.5246556883259,0
0,0.6888816559711753,0.20839616019436552,0.14356029193272885,2.5783398618808704,33.40269464149565,0
0,0.31580423806417013,0.364621054651796,0.11514887434646458,1.7279881914176567,38.50722513764841,0
0,0.7448388959092858,0.3660594149694899,0.2726552904830739,2.6116102916429433,77.3770381035036,0
1,0.5550410667233331,0.9282316759609668,0.5152066995917622,3.17714470998071,11.689074992948925,0
1,0.7717980717674312,0.7695270694406913,0.5939195083671677,3.4275072017146133,11.846463811392194,0
1,0.4660668358890765,0.24337867927333304,0.11343073097178469,1.034979709046865,33.759501785326876,0
1,0.8437105091632189,0.5418389236404754,0.45715519414915595,1.975401995605899,14.55658509463752,1
0,0.09023668966333635,0.845250661685514,0.07627262164624543,3.8822400986011107,79.5028975812012,1
1,0.7274390482340138,0.5558846746548731,0.40437221865881534,5.134911019389907,7.4189675498838055,0
1,0.7060012003582102,0.2044171491406621,0.14431875266711072,5.961349643361645,25.85973874178541,0
1,0.5034065536647373,0.8181422811029089,0.4118581861374221,2.2311762134185384,20.399963548854416,0
1,0.36166141034946153,0.838249695428253,0.3031625670735886,2.1389701332690265,29.625075944224555,0
1,0.7637610203171413,0.26286243867786063,0.20076408436765483,1.1485860667821663,24.686721527402163,0
1,0.05523494428857771,0.09708719105763525,0.005362605589202983,3.9776965546330474,35.53440320724059,0
1,0.6891678512391303,0.3432932485362158,0.23658667043860454,5.719895606431816,22.262486089386876,0
1,0.8247955583959103,0.3935865999449646,0.32462847947875484,2.7739680361969112,7.688545432980806,0
0,0.2649466123722202,0.31783974891849365,0.08421056475319194,4.452070858385609,56.55048888162315,1
1,0.8009333134454053,0.2794882143899236,0.2238514216202613,3.9229399558421103,5.309732861949658,0
1,0.45821174313972146,0.6027046822532929,0.27616636305375325,5.410524813338367,36.70506297813,0
1,0.8245650912127779,0.39857507803504605,0.3286510955751078,2.52144914238183,30.488090539745322,0
1,0.3996801610474457,0.5323471877930924,0.212768609750298,2.1921859340074654,10.60303142817686,0
1,0.3969240911802861,0.17842637772512188,0.07082172782113444,3.295618085317737,12.856253859732767,0
1,0.5996614341687793,0.43623111349932175,0.2615909751500468,4.562879321746657,21.092990410254533,0
1,0.7679407045199396,0.39999807622419487,0.30717480446222867,3.9798030497055894,10.214664023024294,0
0,0.03561790824082481,0.6018244917047836,0.021435729522622012,1.52853814510051,54.81509886168053,0
1,0.3218697548693414,0.38083274526129357,0.12257854236347089,2.494788821089604,15.828449406469185,0
0,0.41644533835128045,0.288562240532385,0.12017039989391264,3.681693181936714,19.97350087611574,0
1,0.8434559811824079,0.7747474196691201,0.6534653450255564,3.2015057407339427,26.702815253071044,0
1,0.28643357530019997,0.36306649824387155,0.1039944351637159,5.922557766454933,8.909149329963768,0
0,0.21281114884757152,0.21590677129931055,0.04594736804417616,3.3737087085359967,14.429234884838625,1
1,0.3376700754924937,0.5611076295276083,0.1894692556220017,4.523961713064708,11.538918587498355,0
0,0.650575396561384,0.46402351575167183,0.3018822827739515,5.468680033362084,29.730951411097017,0
1,0.4518413715444419,0.4163108512331159,0.18810646601000522,1.4014016349797251,12.130948958867666,0
1,0.5064831172568969,0.29516082187167497,0.1494939731536736,5.242106773343492,8.050852665127298,1
1,0.3220786458588286,0.23195153839608768,0.074706637391484,4.0930078867771185,24.90988780216171,0
1,0.6619922145529609,0.683189902282311,0.452266396372088,3.1469075996027316,17.405818494005693,0
1,0.23605244792100874,0.6514755531722436,0.1537823990870014,4.472183596543845,12.51785660688313,0
1,0.44944977104924155,0.8807572526049903,0.39585614553327186,4.253175360409272,11.01427549259773,0
0,0.36373355428614573,0.6456279520540732,0.23483654974711332,2.0891643934195834,33.216537404593005,0
1,0.6521575303842132,0.12235790368995596,0.07979662829343108,5.008374019079412,3.0904570922569947,1
0,0.19123235532820965,0.3243633057862863,0.06202875894755582,3.662464047059165,41.76205365526758,0
0,0.22348542645958458,0.03987716915105195,0.008911966153723836,3.8699053197213447,37.76453762378098,0
0,0.3202410483903626,0.0932809238921645,0.02987238086204838,4.185520366444861,23.42834544910323,0
1,0.7002813431389254,0.5390254627249297,0.3774694750230945,1.4509847850406112,12.855386150228735,0
1,0.843818132281868,0.31618386137709137,0.2668016753648863,4.815362595319311,23.590911405416122,0
1,0.5512982630814426,0.6690299496248443,0.3688350491776417,4.868248872897402,15.761767046854649,0
1,0.7495852737477722,0.6946960539328993,0.5207339317587895,3.0513949420709205,7.877795106402527,0
0,0.4188057164702132,0.34899584066533956,0.1461614530949719,4.945130607815644,25.41006978144675,0
1,0.6395611472455072,0.6478478416250312,0.4143383088302306,4.909646278938579,29.304138501117144,0
1,0.5288968360662907,0.5549700474480177,0.2935219022068158,3.4985092984814177,12.689019451877533,0
0,0.3229416104023742,0.4427504146215538,0.14298253190420346,2.9679772774671456,51.78599024052086,0
1,0.599089106012921,0.42297070817294746,0.2533971434289832,3.063774255181931,17.814245563857185,0
1,0.701315793137992,0.40748662399001484,0.28577680489667995,5.275349651269975,21.98668194304516,0
0,0.5942808569171103,0.22763782108827915,0.13528079938308638,2.401552715175666,32.5780165510715,0
1,0.48946045017331136,0.4317544449958795,0.21132672501201138,4.864141182645925,13.400290772741005,1
1,0.3160822862598871,0.7761457260489746,0.2453259155603999,4.1992170006141585,13.961108555740699,0
1,0.3325188088973459,0.7448011132487803,0.24766037904290167,4.5317444536742215,5.436668596067428,0
1,0.43882651693212266,0.6951379547604893,0.305044967474865,3.0002748294369095,13.579249708240017,0
0,0.5165225558271953,0.17288764588476338,0.08930036872334507,3.3908472881792453,38.39435419609943,0
1,0.7441813499955264,0.1619049305946235,0.12048662982083892,3.6550283353087507,19.421541201990028,0
1,0.5573193680226229,0.31512420763665444,0.17562482424869005,1.8370517591856204,35.17376354848838,0
1,0.6918109611969078,0.8925759154947605,0.6174938020396401,5.446262000412087,42.8348488228276,0
1,0.8312074994397002,0.4013517388855139,0.3336065752748035,5.006788562580915,6.472702225423206,0
1,0.5085958043395594,0.40203913676337255,0.2044754181381496,3.8401019121666655,7.931033267741643,1
0,0.46218096365715805,0.6363097163755913,0.2940902378988837,1.5987541360360948,36.59897359062227,0
1,0.4655991866340394,0.6562159967844121,0.30553363435906766,4.65145133991458,10.652112827833378,0
0,0.05853915960047564,0.7791469457494392,0.045610607409449555,3.0280324979076165,55.176546156618016,0
1,0.6862882405141962,0.5792389031945491,0.3975248477107599,1.8952377457386644,14.770047936527654,0
0,0.30161475928009857,0.2999587859807125,0.0904719970275232,2.3235760884470342,18.178186490261222,0
1,0.40977023378765576,0.6134583866700174,0.25137698652477114,2.607107374823241,18.621520099544224,0
0,0.8111881708009158,0.5727787441511717,0.4646313417416347,3.8465690420570624,40.49551950365016,0
1,0.8979040093271963,0.8438350496767466,0.7576828743155646,4.7847442439603265,8.671332173108496,0
1,0.23409652421992125,0.6313419299012082,0.14779495138417,4.761742616491928,17.206680905916414,0
1,0.341156274402724,0.44311722270222914,0.15117222082077464,4.804652760985131,22.784615668587318,0
1,0.25774795900024144,0.45827013875596184,0.11811819293510661,5.094169327130256,17.776815587930297,1
0,0.3720141849434003,0.005530601487247749,0.0020574622045252287,5.334669174261362,33.842039563980016,0
1,0.3271155592323994,0.808814667877755,0.2645758623981992,4.670940109345287,21.798095316746835,0
0,0.23438727369010257,0.8509549607061814,0.1994530132729902,3.0457016588468684,66.00716615322034,0
1,0.44067223979626857,0.34602702666036395,0.1524845048684657,5.426854491237252,13.943729988892473,0
1,0.5876677647056102,0.6961649782598782,0.4091137166403124,5.596163481513852,9.293417766350316,0
1,0.2419454802582048,0.8635286015913157,0.2089268422287069,2.415096608869246,11.519861391680395,0
0,0.4347686316740367,0.4197869370826145,0.18251019223004322,2.807990111537649,27.866338194632753,0
1,0.6524566466335914,0.6002091756878971,0.39161046604803745,3.3200343206705076,3.286756933692474,1
0,0.2635040516636053,0.025019357798647,0.006592702149964906,3.7682837114902825,48.14996076596694,0
1,0.270094183177562,0.7195976158511366,0.19435913026983379,2.5631767709738704,19.875821321465402,0
0,0.5705167914039545,0.08393830391773166,0.047888211827034254,4.632939531085835,32.42885660499353,0
0,0.5414886448917712,0.3822541466006572,0.20698627984705031,2.1699597136590616,59.19116804035192,0
1,0.45688749533760187,0.5252330062136965,0.2399723926776149,4.3007720939153415,8.712698020592553,0
1,0.9375077191387037,0.5322997235559507,0.4990350997291018,2.7279097625588786,9.302744255668637,0
1,0.399955636227198,0.8042399622793043,0.32166030579275684,5.668044814957907,20.5515146998523,0
0,0.4042729654147886,0.7596899530514418,0.3071221101159279,1.3447639212292102,55.75885521552743,0
0,0.2219755477924452,0.34775481244915657,0.07719306499086057,5.285053347611308,37.28512656892252,0
1,0.3819386677646623,0.21325260801640947,0.08144941700312718,5.473526497401758,11.701414312190831,0
1,0.46425051112016164,0.6986655855904125,0.324355855212416,4.878993887005429,10.03697055531393,0
1,0.3337301364671544,0.6193866436996178,0.2067079891278062,1.0093742393662644,16.240194316571717,0
1,0.14696473494917373,0.43118062427463466,0.06336834616174095,1.012196402026337,18.10663428861016,0
1,0.6289831654575013,0.22305131719782237,0.14029552355055153,5.974613653267493,14.354973562667256,0
1,0.41734902177780775,0.38471023883365346,0.16055844184513207,3.676736492087058,13.772013054333398,0
0,0.4618795952811172,0.18673113961246757,0.08624730319058832,2.331500588622724,35.33446692772981,0
1,0.4241585569042224,0.5072951779038575,0.21517359058417096,3.5189430632523404,21.983994904933027,0
0,0.2930297031319176,0.4149510431003707,0.12159298097398118,4.200261546018182,45.4080889088885,0
1,0.7689100493686627,0.37579098424183044,0.2889494642456842,3.633187549686001,9.830186181761192,0
1,0.2483395821811966,0.8038588074751585,0.1996299603810558,4.743657388551695,25.1298870981281,0
1,0.6513009265614199,0.15365983717923065,0.10007879433010984,4.125550322342353,19.421862156341255,0
0,0.0352685414933491,0.18915187383133272,0.006671110710765092,1.6575696337781312,128.79925268474906,0
1,0.20355367398950502,0.8444984819815166,0.17190076868589751,3.7491823108883513,5.612162968477554,1
1,0.7201350723987534,0.4167935975760606,0.3001476875657733,4.420759684929199,11.869113313431331,0
1,0.5093366176305046,0.3909468684842224,0.19912355566699155,5.04764978404511,12.68976162180967,0
0,0.25424962726941386,0.35840099535103404,0.09112331948098733,3.276178691439821,57.366403129573904,0
1,0.5704771977683312,0.5783555629427823,0.3299386608613242,4.590498926334642,33.1050617917403,0
0,0.8343067224928379,0.584438819081415,0.48760123564540003,3.5299556690543,52.485684264587036,1
0,0.12748270386212615,0.7316364502695765,0.09327099292445361,1.5520772914126097,135.0262569793668,0
1,0.3897763077143314,0.6747130719667158,0.2629871699577805,1.7066904646682897,6.607636512157897,0
1,0.261203750094142,0.38372549920868426,0.10023053940005504,1.9806500982139195,30.314513861480535,0
0,0.3197385697517142,0.2631035686222129,0.08412435872783836,4.361367738373301,78.4337439888726,0
1,0.26734014467773615,0.2702710899660181,0.07225431229372473,1.0430247778359156,18.990948225490136,0
1,0.42927432456720505,0.5113166897248039,0.21949512662155435,1.0813759133273617,18.801911482386416,0
1,0.5007210343053725,0.618640578116192,0.3097663501376133,2.4719035961151055,12.861476554666098,0
0,0.8791900583336847,0.7339083762004942,0.6452449480832924,2.8241814520530313,66.32560526062788,1
1,0.9323666788825328,0.502546865156181,0.46855795164849645,2.6421405172737638,11.044616034185337,0
1,0.3562176621277141,0.24763174580755076,0.0882108015601701,1.6769840585247882,18.105750255851664,0
1,0.5086964614589882,0.53478864163309,0.2720450896272118,4.958874603525958,12.119559655792223,0
1,0.32711121515394903,0.8193562099127051,0.2680206054684791,3.3500876125531516,13.35377040561723,0
0,0.45215325826340436,0.1966448324319109,0.08891360170474967,5.222707498298487,97.81183581225025,0
1,0.45259463357686325,0.8184411095646719,0.37042205408766404,1.4440504339287261,18.425586523984677,0
0,0.37759352487994013,0.5574966517829207,0.2105071258554776,4.092368491503715,38.14881963261166,0
1,0.5108596089344376,0.41509882932680836,0.21205722561903617,5.783741842270942,12.83997948939847,0
1,0.5114173417348135,0.8592741721185065,0.4394477129262292,3.783309536811231,11.32848088199747,0
0,0.3958443755288984,0.30334941155017753,0.12007915838213883,5.751699235900431,25.99039345890749,0
0,0.30797149468154295,0.4067995972630557,0.12528268000495296,1.217617910335313,44.8371112966272,0
1,0.2054821085468131,0.4496937437376398,0.09240401866352045,2.6084395442966737,8.215745642365704,0
1,0.21542370113593445,0.5092044308637743,0.10969470313149132,4.917946354827597,7.891812085017435,0
0,0.17070696308246863,0.2971024089058384,0.05071744994880145,2.285350240236241,27.243974174888788,0
1,0.7716046143560276,0.8439235155485223,0.6511752787608006,1.8608555388481083,10.046664636234475,0
1,0.8829903585284696,0.3041106945140909,0.26852681118133903,3.3489925377284866,31.379857513316644,0
1,0.6512475798871464,0.818829548920505,0.5332607620745626,5.547341979647453,24.01990984446488,0
0,0.11825930583785578,0.6398731805501227,0.07567095815611846,5.812938142574525,28.535214021606496,0
1,0.9057260947827066,0.324047165870111,0.2934979740689396,5.218427821009765,23.06980686183899,0
1,0.4264632674944544,0.4903073860740353,0.20909808994179804,4.685109561627666,7.612889813842763,0
0,0.2711095734041442,0.3605021412426333,0.09773558172357086,2.8396141501840946,62.65384090738307,0
0,0.47937748159612775,0.5383182043853264,0.25805762511558733,5.126551897470502,50.61461036388528,1
1,0.4876266840651076,0.6847516772276634,0.33390318977454636,2.2859859046229314,13.528359063316238,0
1,0.5437507439509806,0.42456088475437953,0.2308552969376804,5.883808689082361,14.684587784671104,1
1,0.6974260534539265,0.7920606569988338,0.5524037381068208,1.5983678384375557,10.146312546144662,1
0,0.14444974737398128,0.2808456734859883,0.040568086586126643,4.74405900942114,73.97694464284888,0
1,0.6146719091427856,0.7859313120182084,0.48308990001332647,4.905452217912898,13.085861492056512,0
1,0.6027594301717131,0.5869173842175792,0.35376998806886045,2.9209500496015384,16.842799281776664,0
1,0.36078131980065276,0.2920029557958352,0.10534921177771309,2.626843864850924,7.288519008197389,0
1,0.3315561644802154,0.740466272795153,0.2455061573349218,3.6009771681675864,16.77706207337784,1
0,0.6933357588801057,0.2861774265739538,0.19841704322800796,3.401850078220578,41.98121715840166,0
1,0.46859136414358854,0.5942388280461214,0.27845518306121936,1.88835880993973,17.476331134682308,0
1,0.7516114916171402,0.4092389382348324,0.3075886887944971,1.1161127757852127,3.6521411482835546,0
1,0.34645809873416405,0.8834155356989576,0.3060664668904839,4.6066981219312995,17.141720761107777,0
1,0.23583466115639068,0.4916290666030789,0.11594317433696974,3.043408254498051,17.995142422659917,0
0,0.17760269229549489,0.6329192989125557,0.11240817149264698,2.6758062466434422,21.195566517067334,0
1,0.6037238640971894,0.7514408246879617,0.4536627583209949,1.4682140227351095,4.63152399429519,0
0,0.11664231310782079,0.41475170897812114,0.04837759870062977,2.962675034487104,73.99182296708301,0
1,0.6674061877835599,0.5154415651785121,0.34400889004098206,1.1582509035743696,19.349563253166714,0
1,0.20366016146110202,0.9058835062731716,0.18449238115254335,5.6705570952149555,15.457629505570726,0
1,0.544210098720818,0.7313834636505187,0.3980262669560226,5.833471220514686,13.836563590920832,0
0,0.48986600708059347,0.5655757974393671,0.2770563575930453,3.4539227205597145,41.08369343156798,0
1,0.7981825695631317,0.4333486298775124,0.34589132291229535,1.8185153075942924,17.184629790830275,0
1,0.576590451206734,0.35373022043961366,0.20395746740873433,3.1001486959157596,26.19885999428253,0
1,0.15551094837591012,0.5354883000056242,0.0832742933780785,5.259673851459144,23.24751082521171,0
1,0.9569126629644814,0.633374370599159,0.6060839556234936,3.4648103447290524,15.008166955378476,0
1,0.2319337730754032,0.3540842836917417,0.08212410390332711,5.413211921241256,11.642648326989562,0
1,0.6861991370538191,0.7350616782078677,0.5043986892675709,1.4080471575119344,10.125118929308451,0
1,0.35710225195139816,0.5225137842894801,0.18659084904542045,4.938779618103,8.164277367522866,0
1,0.3269104534135279,0.2700134390389885,0.08827021578398171,2.682337079383635,9.518778945405359,0
0,0.11980380446041147,0.6181645474389821,0.07405846456573856,3.6200444730939094,30.317260089997895,0
1,0.3929073365357119,0.4022402933206813,0.1580431622959724,3.838323532069915,13.515509948078588,0
1,0.7909343171023446,0.6670984953719894,0.527631092877046,3.156521655599871,7.185099004517788,0
0,0.14090043309406214,0.1664591194583948,0.023454162024144055,3.112414634143922,54.26733748111654,0
1,0.32189541067646615,0.19598657889872056,0.06308718030167929,3.8366933342272906,16.39274666949455,0
0,0.4015467226910172,0.6960592148344757,0.2795002965156664,5.2141768790495,72.14659642630565,0
1,0.8912492695083221,0.3788131023135559,0.33761690071713796,2.7224461132119826,9.0852439533069,0
1,0.9744374795166356,0.6839715152269189,0.666487479358893,2.190156797969731,4.352323477524182,0
0,0.5290519174308459,0.6210265240083711,0.328555273302042,5.37377391169543,75.49441602451677,0
1,0.7446946487479593,0.7285088115817885,0.5425166135506932,5.948059671459324,13.109417609301207,0
1,0.3128723339686568,0.5398141248946567,0.16889290516503927,4.815937880380007,10.738660301965332,0
1,0.5059930436217186,0.6242921207741622,0.31588747029957587,3.9055740723696672,9.806840890952461,0
1,0.3697598054694097,0.46356918067157704,0.17140925006673596,3.9136547834048985,17.878264404560845,0
1,0.593258270497548,0.42019268197464466,0.2492827837840039,3.0010331383743156,19.329337808142306,0
1,0.7370629698419615,0.46479041192517195,0.3425798013676359,1.390879665223497,14.151341898137499,0
1,0.14968313198265235,0.6145236356331569,0.09198382245893719,4.108647935186333,33.223758176112156,0
1,0.5283400691778916,0.3717509141324829,0.19641090368970043,4.6164416790760185,15.972524115016892,0
1,0.3996069299119042,0.49897587618007655,0.19939421798042284,3.372627974012734,21.898037579880576,0
1,0.6332849039729217,0.2716641619565171,0.17204081271751717,5.91322376168329,26.55489916583575,0
1,0.6813510959767244,0.3995866693936556,0.2722588151290563,5.643018191114162,15.069058362974047,0
1,0.7028261017139179,0.9370464636513792,0.6585807131729113,1.7894721096830248,25.264148396057724,0
1,0.7726456119210312,0.5134780193645028,0.3967365384798853,4.68902268907171,28.075711261416316,0
1,0.7525153277030081,0.7557886159653492,0.5687425180173676,2.08119149651436,33.73223736747868,0
0,0.058996153975193755,0.6915008546379935,0.04079589089420114,4.72170129506327,34.18030996645897,0
1,0.3908079075248444,0.45480172119560075,0.1777401089991504,4.736835351331507,17.63489304587405,0
1,0.3067634287201329,0.8532771702101052,0.2617542303822643,2.7960734300727292,36.44169447543297,0
1,0.6032017622331627,0.650968457870289,0.39266532094556267,3.0341022672502533,6.922994215325605,1
1,0.410290579622382,0.7122385161217257,0.29222475360896816,1.3377671586633495,19.718011737412347,0
1,0.4269126099708318,0.7528519426028412,0.3214019877381898,2.6072006649228583,16.72218629041597,0
0,0.2809677287950903,0.4019644167544632,0.11293902923194467,4.742903815554412,73.93626294725621,0
1,0.44659567516344917,0.5482501036996705,0.2448461252201854,3.214431851018133,11.669696182080585,0
1,0.7422922322590891,0.5588208700030797,0.4148083910275523,1.6864691843819937,18.84265652651611,0
1,0.5169300913869184,0.7724708003043247,0.3993134013950405,3.1895792850254,3.722881990381394,0
1,0.8708205408799516,0.4959721390020051,0.43190272634711263,5.327583031622339,11.1917696398702,0
0,0.8048636354134415,0.6754989463942401,0.5436845377128176,5.746815251444928,32.735603587595605,0
0,0.3156536222573811,0.6083095691594336,0.19201511895900208,4.035680975105045,92.7131691374175,0
0,0.4790282453258997,0.5759670805881587,0.27590449997962674,2.2188448738451685,56.76981556625583,1
1,0.7762070838039622,0.6925793330383736,0.5375849844006091,2.5164993744327866,17.493001407620497,0
0,0.9027256456708439,0.3991654746331395,0.36033691081770974,3.8317668919065175,28.831118632329762,0
1,0.7657846531625672,0.8435591191335933,0.6459846274678394,3.736259570237964,11.384352502054442,0
1,0.6939274462573918,0.7208646547767354,0.5002277689864364,4.186998796699679,9.260870367610115,0
1,0.5787337683760279,0.5521729924928491,0.3195611567408547,4.93347849430875,11.917154688836057,0
1,0.5103640041974724,0.28197829561920734,0.14391157204899724,3.5008114312553937,17.882314406705017,0
1,0.6332011809428728,0.4133705800788312,0.2617467394729563,1.334941571444125,15.517407902388397,0
1,0.6573212878814191,0.8429205134189258,0.5540695974621953,5.848746133707962,20.341927716029932,0
1,0.7359122063121699,0.7154757251442233,0.526527319453685,5.372886639216412,13.019389910290169,0
1,0.7569144817322334,0.7871198316703715,0.595782399449942,2.804159405591259,23.62199554272815,0
1,0.523207295196748,0.43185677399270234,0.2259506146331151,3.052485313104942,39.4839906070842,0
1,0.6740158160968144,0.4550853961850475,0.3067347547034069,1.9211768927101538,19.059611605452904,0
1,0.1312385195200758,0.526254083197062,0.06906480677017722,5.01253764628004,9.319104962825165,0
1,0.3971634759858175,0.5575073555101531,0.22142155920207332,4.762345591669097,10.76917850335128,0
0,0.33543224068329613,0.38187153444009453,0.1280920244504094,4.468607860465861,50.61937365879047,0
1,0.55442696209652,0.41360079878666045,0.22931143439198218,3.142987667778185,4.612856480940744,0
1,0.06429479884437699,0.6665115478590898,0.04285322589705452,2.822734243802215,7.330707597305867,0
1,0.7871822894957285,0.5505699558575723,0.43339891837952593,5.898363174713406,9.735034435056326,0
0,0.5641258346320965,0.3310080549558239,0.18673019527190104,1.8931430947312113,97.92794788153736,1
1,0.7464113308790192,0.6387449913053125,0.47676649905250584,5.851680956897472,9.805634714265658,0
1,0.6269172345478989,0.6991335394865091,0.4382988651545666,1.5642017165867774,8.30868233476819,0
1,0.602513034769238,0.17576120424316968,0.10589841656324804,3.747542737311987,6.357231286792912,0
1,0.26313296660353563,0.34559368148698144,0.09093709064910682,5.080966345351767,19.139463410215086,0
0,0.3364123953421364,0.7131353569483431,0.23990757363416154,4.477207276051642,39.791201422582844,0
1,0.37391779415779514,0.7504445106355424,0.28060455605466805,1.838631454807821,28.894136296427575,0
0,0.6747423991630714,0.42253669723388804,0.28510342482603396,2.8271538344995673,100.66802150650426,0
1,0.7213404387038227,0.559850640825052,0.40384290686135926,3.595742932927939,14.426108709591599,0
0,0.46121517800044115,0.16306383468822017,0.07520751554116198,1.5476236464103623,39.512129617039335,0
1,0.6739276236229875,0.5051861429530925,0.3404588968076405,4.918086279822436,14.627467188926897,0
1,0.6056133792806484,0.6456221860447855,0.39099743382914204,1.9114267449530837,7.1780257643589165,0
1,0.705201087815005,0.25939372425089685,0.1829247365141179,2.523558016513502,16.72819452852057,0
1,0.8330991685889435,0.22311719380699482,0.18587874865850557,2.6716293112206375,16.98983011123603,0
1,0.8494521554572422,0.4733796685164956,0.402113379770972,4.929632669167695,15.061803959690549,0
1,0.7553419511097997,0.8108340840258486,0.6124569990544118,4.783761305641905,43.306436829723204,0
1,0.5927310726921521,0.6033923990171862,0.3576494239237478,5.137185818939803,31.987329515560617,0
0,0.6486668556742421,0.3768567108942605,0.24445445769551685,4.039289564249454,16.292866432090435,0
1,0.563616036133857,0.14774375799593348,0.08327075124518787,5.174198380717812,14.301834872985989,0
1,0.3674940432740611,0.5807883083036592,0.21343624370481368,3.7524280163916903,13.275036475488292,0
1,0.4356789033740921,0.3276461297014103,0.142748506483076,2.7529992476393734,20.033966435713552,0
1,0.28785270675997077,0.3441690921877189,0.09907000476935679,1.9435589903557169,14.873188832288292,0
1,0.6714799259225709,0.8015926241429654,0.5382533558795977,2.1946135639616196,39.6042713982509,0
1,0.42773011591589366,0.7048408155896076,0.3014816437543959,4.967910059159842,19.266221471897445,0
1,0.6929922576693028,0.3597820352953062,0.24932616490815107,4.171605996091019,19.90112291352024,0
1,0.5728004741468873,0.6441427059372501,0.36896524737911585,5.411080082007976,12.110805466996771,0
0,0.2974689017652789,0.41652836576885716,0.12390423551934833,5.067626557172853,25.83609696643275,0
0,0.8867504872611358,0.23771054859358,0.210789944792469,1.286995629102798,48.82898150591555,0
0,0.5591547370015238,0.4048055843282373,0.22634896004180372,2.3015842782904947,60.855809785205665,0
0,0.1375169724714392,0.4665659893131959,0.06416074230849256,2.5155817669835,45.68769759396575,0
1,0.49020930685823505,0.3420261787520864,0.16766441601343107,5.1805976735441055,15.76351140215511,0
0,0.03988649235765733,0.1436623712452638,0.005730188072757145,4.03666477872172,13.812159005042256,0
0,0.15634476053501745,0.1418263437073478,0.022173805744482373,5.709512989486765,41.76194396361206,0
1,0.49537220216976763,0.6678584527115465,0.3308385124574124,1.5416133711894582,26.633688864305988,0
1,0.867716653468452,0.5060380041602375,0.4390976034977758,4.3591949093786155,15.532704084080526,0
0,0.15484371445428108,0.2290443723967387,0.03546608139676063,3.6873736231986274,85.80840593612542,0
1,0.39955221799399365,0.8934775906998841,0.3569909530920683,2.8426773381074417,6.5637011492477235,0
1,0.9027543264092143,0.35479206797926083,0.3202900743439498,3.67192740029137,26.88046161095484,0
1,0.30851906884737407,0.548838712368386,0.16932720848728622,1.1233770571646364,3.0171413518713486,0
1,0.484539814903108,0.5108437059435456,0.2475241147223033,3.4548991916913976,17.779619981504226,0
1,0.5887150504500444,0.5704843871913127,0.3358527447862963,3.444820371499914,11.4469520690177,0
1,0.5667753812777315,0.6151440729114059,0.34864851646509876,2.6482573613484055,10.950506268528153,0
1,0.35720821127260916,0.3746917052951457,0.13384295382716263,3.0055062861007245,22.07820422315467,0
1,0.4598173218834306,0.2873381124113574,0.1321230413240305,4.470332146036292,9.234208238462795,0
1,0.8461594279924013,0.6188270258884595,0.5236263222520178,4.139517903735881,11.495101690420817,0
0,0.5275889398014816,0.6164315354634745,0.32522246025537394,3.5478375888083105,55.56718620799401,1
0,0.2838941590800647,0.8767090473263371,0.24889257774859513,5.921275586449644,72.97052237399949,0
1,0.44644605048627606,0.3810587339876788,0.17012216679209968,5.572130778163169,36.29024546077464,1
1,0.5328086193473822,0.5029305653925417,0.26796574017439845,1.8508100403329117,6.188880170343399,1
0,0.3471668702632309,0.4430486734519136,0.15381182133657706,1.4174618900802884,25.995797825626585,1
1,0.6727302822486126,0.37103612338788255,0.2496072360111613,5.866770362870183,39.0020660507563,0
1,0.719580445940483,0.3121208214072825,0.22459603985556217,1.314603529496904,9.431401913513387,0
0,0.5075949216606045,0.12241000918064203,0.06213469902052187,4.365827144840184,21.222118126171836,0
1,0.5282453782868105,0.20787186069661626,0.10980734968886723,5.126067818246521,22.75206093898068,0
1,0.6967553269741988,0.5706781783626829,0.3976230607621313,2.301451548530957,34.040782284686706,0
1,0.4440128920259228,0.6792104810636079,0.30157820999137086,3.3937420734102717,5.130665233142775,0
1,0.6296328968909383,0.21730427489994553,0.1368219201120375,3.7554005103960804,9.498819686468861,0
1,0.775730631722991,0.8996189931549817,0.697862009870115,5.873897140288262,17.912790776422852,0
1,0.681782684374937,0.7377653889163946,0.502995667294339,4.087494659092503,13.491458949962908,0
1,0.4046199104465032,0.4391864814628956,0.17770359479883163,1.1525253834531959,18.56517812608006,0
1,0.5193704541087678,0.13025159650172505,0.06764883082349293,3.0074133886158734,16.822567984738466,0
1,0.7498162980972818,0.7122950778964834,0.5340904584612561,5.104333457114571,30.095839093182466,0
1,0.48928988412562063,0.4099270234048448,0.20057314578171712,4.252725284279574,16.225408489101945,0
1,0.874911657335114,0.6687395332542919,0.5850880133650231,4.27907253816608,24.168829753140077,0
1,0.4582541724849276,0.4521570540713154,0.20720285664667332,5.51960966205693,18.76884213119761,0
0,0.3838014404080356,0.578785508069091,0.22213871168421384,1.797619669479897,48.42725547657433,0
1,0.815290239705327,0.5486177670279924,0.4472827107868531,1.7855095136922667,33.542031209353766,0
1,0.4448260407127724,0.7412035818244541,0.32970665466509735,4.471544666481078,36.39915248776287,0
0,0.25703256530651847,0.39438967921016943,0.10137099097780475,1.9892782039287078,32.699465852097134,0
1,0.17087892026035845,0.42477568420698697,0.07258521027014493,1.7043639835238935,12.389179094769426,0
1,0.8197065863135847,0.6835136765160947,0.5602806624756559,5.964150324535146,17.752185768567628,0
0,0.15088248575091076,0.1259395258139722,0.019002068709103117,2.9863530914453342,39.60087765449228,0
0,0.13686165249877474,0.09779733670131109,0.013384705110920507,5.784463889107614,24.080326660669527,0
1,0.45941184998454615,0.42731106667956603,0.19631176766212918,4.211392020795322,21.834814390527107,0
1,0.5907100515250244,0.9411232805674061,0.5559309815553725,4.282753259980629,10.503453083907859,0
1,0.46416426918014914,0.8680854857846854,0.40293426509514324,5.861757664699937,35.518729404876815,0
0,0.3000920126118725,0.818078667252786,0.2454988737307269,1.6371538046926928,18.171620374918668,0
1,0.7327876479141359,0.24028731057859473,0.1760795731425019,5.448654939274251,26.700670203683064,0
1,0.7046566558506241,0.6773791921348177,0.477319756272518,2.713405092185517,10.453103155738035,0
1,0.5850881700816428,0.7744450196421088,0.45311861937124337,5.282966429343901,9.619973697862227,0
0,0.073295706859953,0.4931952546290647,0.0361490948080118,4.18271751692769,29.260529594822973,0
1,0.5881441696474854,0.15366480499871102,0.09037705914000965,4.622368951015196,6.618187943967425,0
1,0.5318318176145082,0.2583985475492465,0.1374245692120647,3.0310705700422007,7.274598276234775,0
1,0.42273450952771763,0.33572459495437207,0.14192237198442814,3.1096667767646933,31.99180275397211,0
1,0.38701266445240134,0.36324705682834585,0.140581211317631,3.786931105053479,11.2183955086576,0
1,0.7598436615669296,0.5824700832083194,0.4425862007782036,4.609520904889929,15.140509650310786,0
1,0.8939550971206525,0.5694628108309128,0.5090741823629483,1.933947977785576,7.024465315504055,0
1,0.7010778273758812,0.30406894501430415,0.21317599534310464,5.266135876494731,26.659338966095824,0
1,0.5247608986678114,0.7670337567354835,0.40250932349305973,2.63316566214211,7.867341325721734,0
0,0.7028067938702228,0.15675517815167897,0.1101686041793371,2.8643773577064033,13.831455842111001,0
1,0.4871684921791853,0.6918975709029229,0.3370706963592179,2.0398603490323763,11.060583185806102,0
1,0.43938103038432513,0.5215645585275409,0.22916557313777658,4.300256705526092,18.02330263986456,0
1,0.5641408464732368,0.4553194628185466,0.2568643071701944,3.8033538445933877,22.012649499365867,0
1,0.6376432843079748,0.4691075668540919,0.299123289622566,2.8999856522140153,18.001955047993803,0
1,0.3830999511548869,0.5609595962863313,0.21490359393715858,4.226407638805387,16.89771324614803,0
1,0.32330718717516144,0.4136048493959675,0.1337214204602165,2.2957325785510254,18.00864222317464,0
1,0.6826986067555766,0.2360525614193794,0.16115275480209548,4.025568523324627,14.290144521791124,0
1,0.5741913320794411,0.8928338168607153,0.5126574386288258,2.422917916358114,25.73216585351885,0
1,0.4750596465370144,0.6506920389727702,0.3091175300388534,3.832618350178566,11.745991005808657,0
1,0.4697425498140824,0.4098237652471532,0.19251166046160567,5.463113549047344,6.441579250282977,0
1,0.847664639988591,0.125532856496538,0.10640976360887734,3.479956770676217,21.466395329457463,0
0,0.2187367668146099,0.3166463048277639,0.06926218894181849,2.0298081886407346,40.394554410577754,0
1,0.41974756840445004,0.6260070987095434,0.26276495748725537,5.490309112791362,13.662313816286396,1
1,0.8228622809464337,0.5234653153126795,0.43073986335453557,2.4048902591486745,18.09212006666678,0
1,0.2920992257502185,0.6471501262179482,0.18903205081241886,1.3849388626650447,13.9443563805366,0
1,0.43363278573433145,0.15156920830447082,0.06572537802861485,5.9274706288779235,36.62840777251579,0
1,0.8991409816135325,0.590680548877512,0.5311050885377463,1.680938187708534,13.48083364363711,0
0,0.6652737669500419,0.37275048485749906,0.24798111919360297,2.4756300524230106,31.127891505359734,0
1,0.25099593491596295,0.08072131051126116,0.02026072079941574,4.543830741099175,13.523241741666222,0
0,0.1820354917126736,0.5059575960245847,0.09210223977809755,1.7368163326237287,57.225351478841915,0
1,0.4630934707695983,0.8404512653910234,0.3892074935026298,2.5808074040103492,31.980095844641518,0
1,0.5094144922664362,0.7868854606813536,0.40085085742483245,4.893954040633016,26.002651150331697,0
1,0.3115474068028927,0.4308834190479819,0.1342406118387629,5.598200363131449,16.133813822750035,0
0,0.48318721408188614,0.24587950677008968,0.1188058338760679,3.362500441402098,61.632521527875454,0
1,0.5086937555214479,0.726408962355452,0.36951970310503296,4.550956974005521,47.025487059438774,0
0,0.46969011000193545,0.25219366732803766,0.11845287134909753,4.656061742991067,15.135194861939352,0
0,0.22822675406009213,0.6533591607751741,0.14911404049914384,1.0723205730098642,87.73850254215674,0
1,0.7812983230640933,0.8551350851610658,0.6681156080296113,3.6440724547516985,10.203955874598089,0
0,0.42294605403890756,0.34029378608345434,0.14392591403795713,3.7004028414417207,9.71769070288381,0
1,0.941761367646204,0.5572871875698135,0.5248315439374542,2.238718993414823,25.404247329050957,0
1,0.5244646914824658,0.44886246153649545,0.23541251240779826,2.09587069826613,22.43361722830138,0
1,0.4599483248098347,0.695059428215912,0.3196914196511903,3.963141622460058,22.06373539037945,0
1,0.6926497592046033,0.3440235989336194,0.23828786296207247,5.904515340635262,11.879259476868405,0
1,0.2138902084666242,0.23881985262479696,0.05108122806388629,5.6867166066976464,16.86199905658775,0
1,0.42716478390527324,0.7105223351319485,0.30351011974650893,4.652638977864786,31.57490089612282,0
0,0.6388478197412629,0.3840983790916243,0.2453804120488373,5.574695058852763,66.02274038116197,0
1,0.33719820568613207,0.1679855719172746,0.056644433431663685,1.454674105384893,41.08780541792774,0
1,0.921661246905096,0.4764664438552753,0.43914065675208996,1.6965516382076524,14.975150031703548,0
0,0.758547370317414,0.07400820236144509,0.056138727283193204,3.855580509360795,21.275069371476636,0
1,0.8587535662752506,0.401042774807254,0.3443969130946516,3.520906616828426,9.53675278893147,0
