E,U,D_enc,D_dec,D,depth
0,2.700213677562875,0.6141241548120826,0.4924247234532672,0.30240991709931125,4
0,1.743911459710042,0.37513607530552373,0.37170709223905307,0.13944073974578666,30
1,5.31567273944904,0.4635893731127946,0.3820098720785535,0.17709571711979546,28
0,3.6515447069113103,0.6032527576286145,0.4852602411336837,0.29273457863142116,13
1,6.452971628155549,0.8042354129934449,0.3487351257616529,0.28046513789224387,29
0,6.957524421863083,0.2960688727259517,0.20735604227064042,0.061391669687983305,35
0,3.926327123836427,0.3321101092597798,0.5687614739035415,0.18889143524085855,37
0,3.854109341886868,0.5632899480099604,0.5487460475498015,0.30910313259499894,2
0,4.637191482836656,0.3175826583951279,0.3276549755937723,0.10405753818546096,2
0,3.4735978255131874,0.31687980407275756,0.5514321814703183,0.17473772162372775,35
1,2.762291515878909,0.6368358342150761,0.6646667317778389,0.4232835926067482,13
0,6.922393917424735,0.5282594964940592,0.42921379392125647,0.22673626266514785,5
1,6.156266393675649,0.386444546732714,0.6336139613450031,0.24485666009548912,13
0,2.387812616193792,0.542386239147604,0.42534008127587575,0.23069860704195846,15
0,1.6879926986825493,0.45970761129279997,0.6668834657592396,0.3065714050548438,2
0,5.230427580106849,0.3989776489803252,0.6095037576774753,0.24317837628283293,25
0,2.2016306516528914,0.14935817219247227,0.48543915034887475,0.07250430420677467,23
1,2.7425112884043763,0.6169413141072996,0.7235191497024807,0.44636885499924445,28
1,3.5732993480021764,0.39456811760139754,0.6652054705615809,0.26246887033763483,17
0,2.9183806819528777,0.47454482869207754,0.3236536288495566,0.15358815585798208,2
0,4.385223886595346,0.30483326817175627,0.5350813689689513,0.1631106024406228,18
0,7.103074572951986,0.5876065051177294,0.23748603882611063,0.13954834128886426,32
0,1.8037008971591768,0.653284642865019,0.3430717015686998,0.22412347403640243,22
0,3.7658332001296464,0.7506060993608742,0.4816144510285517,0.36150274448236996,38
0,2.726851144364307,0.5766801339601705,0.44533789106577426,0.25681751467735053,39
0,2.909121501653364,0.6734569645185685,0.4560043448669969,0.3070993019014062,14
0,2.5043321362618376,0.473001815671699,0.47370708557793045,0.22406431157491002,25
0,5.594421616594423,0.30843041662361803,0.3386598995637238,0.10445301391615196,34
1,4.948556517384887,0.7375129140864198,0.5992092540335509,0.4419245630898339,28
0,2.640373830160332,0.5104325364933344,0.6768872856165994,0.34550529411736897,34
1,5.879035884177327,0.6245963598153899,0.45598640706693155,0.284807449979304,8
0,5.127246829442263,0.49067970309021336,0.49518080590540203,0.24297517081763523,2
0,2.859028147887823,0.6690816895468933,0.6006669378018706,0.4018952495994343,35
0,2.2891969848381013,0.7920998357732565,0.4452749530883114,0.35270221721519596,24
0,7.4415933099827205,0.584493303283684,0.37039848923169394,0.21649543650231884,25
0,2.587008012930325,0.6921667355668538,0.3659178366307977,0.25327615446642454,14
0,2.695616664700429,0.4816349330595181,0.4835398434857955,0.23288968014889097,38
0,2.643218591879392,0.7271098228306676,0.3251287806257067,0.2364043300779086,33
1,6.20508972964677,0.5293287983411454,0.5967310923727821,0.3158669520584838,11
0,5.465952981472794,0.6427688109487362,0.291001883476423,0.18704693462598307,11
0,2.939018036717255,0.3371609811401298,0.5926783884549555,0.19982802695202379,18
0,2.5204942254734215,0.5735453999419942,0.28062590995658804,0.16095169976013732,30
1,7.092975069661492,0.6554965896902755,0.5278688367731725,0.34601622230858725,25
1,7.003709818413329,0.5554954768275521,0.5397298125357967,0.2998174695726177,5
0,4.00501549258136,0.1399627696544805,0.6422244012922096,0.08988750594454818,6
1,3.0041051918170103,0.47854387035804863,0.5863833676405584,0.28061016626429935,11
1,6.8206466661395835,0.7208446981975869,0.5510876167967138,0.3972485868102546,22
0,3.793676509078691,0.3872498539975484,0.31847949939847914,0.12333113964327336,30
1,5.558785210650829,0.4522666099010378,0.40109199335619977,0.18140051609365804,32
0,4.990984443510486,0.41088997446230935,0.353871479550837,0.14540224319558304,8
1,5.373687247401172,0.5915895489563409,0.5782402011224933,0.34208085977047964,23
1,3.8466935324410887,0.3479262411974912,0.45002007925388204,0.1565737946382003,37
1,4.1013468256262,0.37669205859051597,0.5388745435101019,0.20298976111684486,30
1,7.325323284738536,0.6129559528678379,0.6536622836423454,0.40066618792376074,14
0,2.2102305714005457,0.1,0.5580612917283644,0.05580612917283644,7
0,1.5333421037786406,0.2820548033683426,0.4833657015457699,0.1363356179044931,19
0,6.6693426359168715,0.2814878299881015,0.5437350221918565,0.15305479148531792,1
0,6.5102337842065605,0.49747924832151563,0.4630987028966841,0.2303819946157113,27
0,6.307578950079105,0.3641962829102846,0.27982634703040077,0.10191171544883532,39
0,1.7578318454073227,0.3457406340998843,0.6771982307471467,0.23413494570983828,8
0,3.067783210547625,0.1264738655941569,0.41306513728927763,0.05224194465515607,31
0,7.458210907132639,0.33231288351865135,0.48501111568936983,0.1611754423933327,32
1,6.705649506334495,0.41750612342596793,0.7247699240464068,0.30259588136434856,33
0,1.562177824579528,0.24723061632400983,0.1,0.024723061632400983,3
0,6.710834022894302,0.501405064290168,0.40150884993794805,0.20131857071620823,33
1,6.745942426385302,0.7835725105020701,0.6499120428768751,0.509253211042562,12
1,4.443554280512801,0.7747951188978437,0.4796506819497634,0.37163100715069874,11
1,5.288743339283669,0.5092782009306992,0.5829912195097383,0.2969047194303139,2
0,7.083536579055512,0.48166868059651674,0.5911597210192717,0.2847431228451575,11
1,6.825795011145047,0.38741364730468203,0.7584721757715089,0.29384247199475816,4
1,6.964867458871649,0.4872422003938535,0.7317242988879478,0.3565269574718134,20
0,2.836793633178621,0.33461112931532744,0.2424535220575847,0.08112764682216707,22
1,5.2895767611223325,0.5169586223919005,0.6668970713585926,0.34475819128673096,27
1,6.145833278313978,0.48844930457075775,0.6476330098213041,0.31633589326428274,25
0,2.119138311548895,0.42196180367529695,0.43798074234357115,0.1848111440143388,19
0,4.496792078703388,0.391660603038236,0.5314858839837153,0.2081620818273719,11
1,5.624802719147928,0.4943277350407233,0.683956485958117,0.33809866057008825,26
0,3.625070444140844,0.4591111827105476,0.36882454924527597,0.16933147501668327,33
0,4.495565119913011,0.3608872919180095,0.49788726910755027,0.17968118822867704,13
1,5.854100851633222,0.6578532807429013,0.48913056374844327,0.3217761460735382,6
1,3.3103288794124044,0.7190226614221463,0.6873194602643558,0.4941982675665102,16
0,4.238727881779488,0.5134883579872608,0.43652032179098343,0.22414810326452278,38
0,2.4398393746361386,0.40014839242219535,0.6642976308925996,0.26581762909154666,27
1,7.050270767214959,0.5024920440682333,0.3703175017371314,0.1860815984021327,23
1,4.4761507829256955,0.4775273101726263,0.7332961616480442,0.3501689436317019,19
0,5.002992399767709,0.4310235738941685,0.5593817672278059,0.24110672848176476,5
0,1.8446134697070917,0.2318478163733348,0.483338254361021,0.11206091884330219,23
0,2.555070148182586,0.6606431373884443,0.589243424409688,0.3892796245875269,6
0,3.6120149643957924,0.7258649328779045,0.6841857659451718,0.4966264550738098,19
0,2.9149915987293356,0.5490316267201825,0.4654883960092934,0.25556785128035087,5
0,2.2658523313946706,0.433085670013742,0.4680437130371736,0.20270302505642393,37
0,4.016612761036658,0.4576338265973536,0.45191215123325684,0.2068102870547173,27
0,2.8102403497027844,0.643690161788954,0.5585839708226643,0.35955500655155714,38
0,2.974089227755452,0.3683208395574472,0.5629087367604642,0.2073310185178362,30
0,3.690552137655822,0.3414593012281863,0.3073119886101527,0.10493453688986708,3
0,1.7522499523082273,0.3538334062899754,0.3781864205680834,0.13381498940221814,16
0,3.6826508584291444,0.5339915198310583,0.3969789431567382,0.21198338919719395,15
1,6.983307631701749,0.491090136986459,0.7242111753243655,0.3556529652971671,16
1,6.2996359713230055,0.5020307712508632,0.6711553191623723,0.33694062250820495,17
1,4.8171116270106165,0.7353757628680744,0.5495875076695602,0.40415333271526654,2
0,4.413146883581613,0.5784054449823698,0.300890854920294,0.17403690883129833,19
0,3.59902054107026,0.48001249488383635,0.7587224492711642,0.3641962557990265,21
0,3.5732187706375154,0.4839511100618722,0.3679150456219168,0.178052894737191,26
1,5.412084953279576,0.8472561597295888,0.6981334670015905,0.5914978802304712,24
1,7.19912906779573,0.6678346928884671,0.5479675031062332,0.3659517091498114,39
1,4.736460190983515,0.8004609672948009,0.5154497412325121,0.4125973984588314,34
0,4.373241446892328,0.49196098797043497,0.6256402180621727,0.3077905797919049,18
1,6.202984825522176,0.7755451574317462,0.5807673133423096,0.4504112774572738,36
1,5.183715534165883,0.6680410959633551,0.6116019451892468,0.4085752337575443,4
0,7.1490523624945785,0.41346942500517225,0.22329089985201372,0.09232395997069962,21
0,5.124863186256032,0.4516379300914714,0.4061578937097533,0.18343631040538483,20
0,1.901639252942612,0.24455357809530143,0.530080288898349,0.12963303132788234,25
0,2.8369774196184894,0.5264385365305445,0.6104760984580773,0.3213781438591468,8
1,2.742886571495791,0.5890991039973248,0.615507895703283,0.36259514986208286,10
0,2.6287068584027353,0.4270872687956091,0.6085455951781125,0.25990207618221844,29
1,6.387358219017404,0.5114429621288955,0.4361403235239161,0.22306089896692644,28
1,4.824644094287372,0.7822021880674946,0.5063185929551075,0.39604351126874027,11
1,4.238314797253652,0.6494119165951485,0.49572252507990366,0.3219281151115268,17
0,2.2415290123888214,0.6217934305697966,0.6330958303641436,0.3936548282415549,5
0,7.295957483276535,0.2932562352443026,0.4261636778227893,0.12497515575617708,6
0,1.6138682866535519,0.5617102359261672,0.4172363653617738,0.23436593722433843,4
0,2.257372992991394,0.17281980388791796,0.35714263530842183,0.06172132019401566,10
1,7.336376448070185,0.705233800094291,0.4625107566664186,0.32617821850834433,38
0,5.680711481450386,0.44622736600012236,0.16612581884769367,0.07412988656901984,9
0,4.420882001668007,0.5036718987657397,0.3367300066517984,0.16960144182171147,13
0,6.800019451252592,0.4327897721947132,0.18586456735184176,0.08044028376327253,13
1,4.425572098150245,0.5066118215185705,0.4294472756046709,0.2175630665402699,36
0,2.3438491350772717,0.4876133695833342,0.5256078910225368,0.2562934348210891,9
0,3.7013062432768002,0.64005721514049,0.5713367098732964,0.3656881834290322,5
1,6.167713008525196,0.5396186953345812,0.5162124501670371,0.27855788887460403,22
0,1.623976452593499,0.2419856900798389,0.3446352176698868,0.08339679097366304,4
0,2.755595032067446,0.451353006545614,0.35149850231034335,0.15864990581405392,25
1,4.996639302872883,0.7411209076617972,0.495391129644327,0.36714472364960665,24
0,5.795936538179561,0.6285198960726418,0.35799137060936126,0.22500469905029832,35
0,6.964104629732203,0.4915241659231914,0.4317061340605315,0.2121939974680282,36
0,2.6306715907818825,0.28073545040676695,0.6568082192165431,0.18438935125262274,4
0,3.2470903701564615,0.4929607164042038,0.5748520403256373,0.28337947362534444,7
0,2.9618696947558174,0.37141684092607,0.5062182457103631,0.18801798164088016,34
0,4.227590368392482,0.547672650216168,0.42697880073216593,0.2338446113831064,23
0,5.479776198387338,0.3470402109349301,0.4667835879539055,0.16199267482448687,25
0,6.446088757641113,0.6317010746066598,0.43725428856811205,0.2762140039648469,11
0,2.8999904343380782,0.6868963336366302,0.5007674029359055,0.34397529308141056,20
1,7.463485307949104,0.6806481417836675,0.4542601690464756,0.3091913399478183,4
1,7.103066881494085,0.6227582948900164,0.45826162581124275,0.28538622870373626,3
0,4.7054625825625696,0.29103194886625094,0.26389210004945474,0.07680103216780049,19
1,3.057681297955075,0.6080322750099488,0.6649124472224188,0.40428822796707986,15
0,6.1183760053112985,0.38909578983540904,0.6061083325503781,0.23583420037951214,7
1,7.350900445638444,0.8653050145932215,0.28970958228594834,0.25068715432773864,37
1,2.6935762946112822,0.7312887202460653,0.6924248734980221,0.5063624996069122,17
0,2.4249085838796107,0.23999476217077204,0.5086395597859165,0.12207083018146721,12
0,6.332496289837273,0.4762117519912576,0.42497800868660424,0.20237952207440368,31
1,5.859768596979,0.32715284579356985,0.5593711524258528,0.18299986437094648,17
0,5.629445805563496,0.33126907192006877,0.36590267642854546,0.12121224003355348,37
1,5.451130762969296,0.6296674954717257,0.7643999923878314,0.48131782874545204,18
0,5.436600748875069,0.2825472587075457,0.21039942563060293,0.05944778094556899,1
0,2.7245013088903614,0.2786156217892269,0.6443263585880424,0.1795193890331958,34
1,7.366882067268994,0.43243736958644224,0.4985107200585327,0.21557466449275514,18
0,6.870242688042111,0.46392121849473095,0.359381476186371,0.16672469233681636,3
0,3.2565925909062035,0.5239319075973471,0.35975761168884784,0.1884884917648037,15
0,2.162783093666297,0.620950777121893,0.6865758990412666,0.4263298380628368,38
0,1.7691376153522653,0.4576065665311532,0.6533493951289207,0.2989769734501511,26
0,5.234197284383442,0.6259273076819294,0.4512851065264824,0.2824716717250738,27
0,2.6869344961901076,0.516933890417531,0.6306829751227804,0.3260214039503218,13
0,5.30510151870863,0.4521498771561358,0.49965932081388376,0.2259209005259158,22
0,1.6742312639673118,0.544918190622142,0.4570664229034148,0.24906380816266355,14
1,7.241746133940219,0.39539782984826977,0.6955314012392431,0.2750116066413229,29
0,4.929665766165221,0.5645971871304056,0.5074627967505054,0.2865120676186641,17
0,3.641624531408853,0.5018085694020694,0.4007695307706193,0.2011095848959431,27
0,5.384038608680409,0.33025759478594674,0.358262705157257,0.1183189793067425,30
0,3.304450183453117,0.33245494721164415,0.7147551004224281,0.23762386918019174,35
0,5.073948136562117,0.625888898593545,0.5024123514894384,0.31445431331351764,3
0,7.131414571080916,0.17365324875714844,0.28783516767087125,0.04998351197260534,3
0,6.23371097374705,0.7037096036945718,0.1,0.07037096036945718,30
1,3.7407812596957717,0.7396789015292032,0.6647189428077805,0.4916785774417124,3
0,2.9959885791679204,0.7019105083795144,0.5941338405066872,0.4170287860355221,29
0,4.409200670456611,0.27586602814847927,0.2337034698020855,0.0644708479788194,19
0,2.6153114054851967,0.49093554758384983,0.6012096890514009,0.2951552079071656,34
0,1.7664232808472733,0.4571514981550559,0.4225431050884134,0.19316621352625743,39
1,5.2959202612174945,0.7174214028393049,0.7654540858338772,0.5491531440680179,17
0,4.0337400537709955,0.36739506009416467,0.5787486591224522,0.21262939839771056,15
1,7.050699002950324,0.49929903660685,0.4960199806942782,0.24766229849840143,2
0,2.1595752838204207,0.6667177377305605,0.4918901028896604,0.327951856610647,38
0,2.2934404824572923,0.5892720340760286,0.23121771094464433,0.13625013084275378,2
1,6.991724812058728,0.5676698397895963,0.4915136461773695,0.2790174727799076,2
0,3.2603863899915773,0.3774032578375998,0.5999918665479467,0.2264388851112575,21
0,6.235333040601681,0.4109448863199375,0.6792698076558203,0.2791424538876869,6
0,4.840935045075407,0.5224620735803507,0.5552333109281511,0.2900883469484054,8
0,1.8480329303383531,0.64898691953067,0.6409529930313077,0.4159701085113514,8
1,6.073261681997758,0.4357877136385509,0.45614066106522394,0.19878049578319112,14
0,3.8263091625345487,0.6895304224242274,0.5367715242266469,0.3701202958452962,29
1,4.161727859894435,0.6733455626733585,0.6492588146747637,0.43717554188781654,2
0,6.980343584957042,0.24230834011909363,0.48801245028845036,0.1182494867868461,32
0,3.341268451863789,0.5750695821109275,0.38201949269500846,0.21968779002234703,10
1,5.19098450597956,0.398194875361548,0.51581745909634,0.20539586883417751,25
0,3.797213140504099,0.3776726254640711,0.8210851742601957,0.31010139349247245,33
0,6.741032693375203,0.6546416376731344,0.27245731127480033,0.17836190044895425,21
1,5.201261116004479,0.8279307847765343,0.627086306094595,0.5191840575275161,19
0,6.619942468022407,0.47567451846342,0.4910802131218768,0.2335943439036624,7
0,5.660197712589885,0.5443453427857032,0.4378656743311084,0.2383501405878603,29
1,7.0707240164782466,0.5477457573093769,0.6654751281481881,0.3645111780380839,24
0,1.695294263822371,0.41767191701529,0.6363580964848081,0.26578890606701067,20
1,7.280673749688061,0.5587016737893556,0.8011907784184034,0.4476266289269587,14
0,2.5915673868640066,0.4742712748878519,0.3953487536515938,0.18750255741966468,1
0,1.6756289058523517,0.6109752645117601,0.5002764492009049,0.30565653587952696,17
1,4.779486627251015,0.7545080415532825,0.602814170289537,0.4548281390457255,37
1,6.230676630255387,0.556293286417795,0.5662673703002252,0.3150107364154748,7
0,4.419005340589081,0.2770618755339672,0.6227122306923455,0.1725298185535617,6
0,5.37701257023118,0.41692828626472006,0.3917114507456291,0.16331558386964243,32
0,1.7091230739313839,0.5519840918149662,0.6440330988048136,0.35549602514255346,15
1,6.617273413673599,0.41328857947565495,0.5738606133675463,0.23717003771570128,20
1,3.5872120993192107,0.6015740174340892,0.7707695487362173,0.46367493394910625,3
0,7.179590745739756,0.28274026757126103,0.4408530677096581,0.12464691432383998,7
0,5.406247865916266,0.4435670828964264,0.6880481902178633,0.30519552862710314,1
0,3.6345452449747335,0.43761011193441585,0.4868227098980767,0.213038540570713,26
1,3.7691204238694516,0.3696430671966427,0.7785254937300957,0.2877765513931732,16
1,7.07653763721563,0.7551081053593387,0.5770221199922739,0.43571407977779497,6
0,4.559531658737536,0.12978573443522962,0.6194032109093366,0.08038970063940767,22
1,6.300270091202112,0.680488576970963,0.6113584500854069,0.41602244171779207,31
0,2.251017255464623,0.490903167293532,0.26697308645752815,0.13105793372413052,24
1,6.6536140061332265,0.7324774729988651,0.45006879977188957,0.32966525713254585,26
1,5.958489092531082,0.48810667026372884,0.6886845718784986,0.3361515332416156,36
0,2.5892227230503844,0.46854362414994366,0.5902767153466203,0.27657039145983014,17
0,2.9418589893890488,0.8980283313495996,0.3895186438037885,0.3497987777246752,20
1,7.236742177491671,0.45669672953266666,0.5451160057874731,0.24895269705904916,28
1,6.262242754167803,0.4355893441175912,0.3899672184845457,0.16986556492704463,39
0,2.377568508395533,0.5757362433989325,0.3624767492041161,0.2086910019062348,25
0,6.83477996533062,0.503935826067242,0.542442993128122,0.27335645783640744,16
0,3.8394623097930793,0.4791435721501752,0.48778030123234956,0.2337167959569565,2
0,5.015629462911292,0.41961662098788094,0.6556164007596099,0.27510753875098387,12
1,6.081240673065387,0.5977205111162204,0.5404763796608022,0.3230538178970991,24
1,7.232571036027862,0.5965423275934143,0.6674363762922921,0.39815404943391786,27
1,5.012440303028557,0.5009571932757364,0.7508744426210789,0.37615595327793866,9
1,5.703504345052373,0.6061457061545874,0.47615225908234443,0.2886176473185697,19
0,2.1979844043823604,0.6489309575170744,0.5698232666805761,0.36977595806253355,23
0,3.1542783110291053,0.1,0.41677320520286726,0.04167732052028673,23
1,2.6213328289552305,0.5331926872909897,0.5469830388413027,0.291647356382386,32
0,4.212736603652372,0.527723748418894,0.42510255228098337,0.2243367123521594,22
0,5.679041696422084,0.47876398055241365,0.47653320721841225,0.22814693515329523,6
0,5.974958459384258,0.2774532751232722,0.36617601601435856,0.10159673491477557,9
0,2.0640628959836516,0.46752543500542043,0.9,0.4207728915048784,9
0,2.4820441346342483,0.3511026003882829,0.5016014240279967,0.17611356433469535,22
0,5.9673800040631875,0.3613321414890783,0.5552611845230953,0.20063371288949225,39
1,7.183507357661539,0.45154816559138816,0.6867605662985686,0.31010547391262155,39
0,4.511576514699474,0.677796544077616,0.40788559581698863,0.27646344722379423,17
1,5.768690233751669,0.5603500987751591,0.5519070273108378,0.3092611572683324,12
0,3.414617418932509,0.43176869045744715,0.29260419440904195,0.12633732984234833,14
1,6.657255023116741,0.5102798126333842,0.25764937054843146,0.13147327252856297,1
1,6.944537373148125,0.3849510422514449,0.5113423445347813,0.1968417684759615,23
0,5.4432514438586015,0.4831320700595146,0.63203731594022,0.3053574968050579,10
0,2.809190856314564,0.7410860835135673,0.6869913944075661,0.5091197618890275,2
0,3.771930650440484,0.46168987124852867,0.5937100702609223,0.2741099258977201,8
0,4.38389456186782,0.45027736154698583,0.5418268757947541,0.24397237604810826,38
1,5.368887523250587,0.6934177579262177,0.5233836337445292,0.3629235058464082,33
0,5.225029413104787,0.5035003496887712,0.6076189031007863,0.3059363301887535,33
0,2.951093472276745,0.6270570688788649,0.3740546766265658,0.234553629125886,3
0,5.997001763369967,0.35118387807291895,0.28853339066094236,0.10132827508583828,4
0,7.224927652708377,0.4148039568607512,0.3253741715206304,0.13496649380704626,10
0,5.101348033551022,0.3152827709882064,0.300151537989368,0.09463260861365984,20
1,5.114901082557282,0.7529381987969588,0.7690725213576068,0.5790640789752322,33
0,3.2734389031768334,0.28013192217605254,0.2785629347177879,0.07803437034949617,37
0,4.747804940897618,0.3317797902023042,0.6903596659996056,0.22904738514948195,22
0,3.7632620270971344,0.4077513006239592,0.41257992989118175,0.16823000302447125,15
0,5.702339781057834,0.5999527690911245,0.5376661175640212,0.32257427607900857,29
0,2.6860173517450816,0.5680283139175235,0.588409017781562,0.33423298226432674,7
0,4.325394901035976,0.4354286048223447,0.2959933587879755,0.12888397525372788,26
1,7.488823547456193,0.5946199792549481,0.4039860157621389,0.24021815631177218,35
0,2.1356475295038733,0.4117298252612713,0.5228743263863227,0.21528295503664557,30
0,6.17770193810032,0.3064352167472201,0.16050633342223425,0.04918479307154393,12
0,4.320175609695286,0.6183672364494949,0.49945853883375374,0.308848796379731,38
0,3.582246784989663,0.45334044230555787,0.43931292174704406,0.19915831425535188,19
0,6.490696128899202,0.45255083881397706,0.4563434307791553,0.2065186023863548,12
0,5.116703037600381,0.5124109314649622,0.44376219775286607,0.22738860109948486,37
0,3.4261509832397636,0.5924024791384924,0.38535152874122863,0.22828320096611185,22
1,5.947453056740346,0.3414764182151911,0.2909538243239598,0.09935386979615772,36
0,3.7395636576259457,0.36171138905258216,0.3603905656166122,0.13035737209063056,11
0,5.936033179785656,0.5644570866570029,0.28714872735126595,0.16208313407796163,32
0,7.276063467812299,0.6116638799325405,0.4430777493864967,0.27101465530152236,22
0,4.1956446976423685,0.5368962025803372,0.2979147422728564,0.15994929381899647,13
0,2.7734832654984864,0.488472225914272,0.6144692296912458,0.3001511523831109,25
1,5.5153069154492576,0.5839373498015438,0.6599627676105195,0.38537690948617886,12
0,5.678774598383582,0.27803186282518855,0.4193777337228779,0.11660037253437763,31
0,4.23268456115841,0.3681949159911761,0.7644444637063337,0.2814645650942732,30
0,4.373614579324471,0.48936589726386714,0.7257741341436643,0.3551691103661206,4
0,7.116176010465428,0.5688912380602937,0.2732371527399855,0.15544222210631994,15
0,2.732173918997291,0.3715615971195764,0.4056563676964949,0.15072632786303578,5
0,2.1311268025140384,0.6388827337501134,0.6148716144249925,0.3928308579291849,11
0,5.065191595541337,0.2661636260411947,0.1768898594830487,0.047081646409925654,27
0,2.9520536845007954,0.5815485409891379,0.5254189644112437,0.3055566321613825,14
0,3.1794646643069617,0.5493224878593653,0.5895795932872467,0.3238693289756631,31
0,6.3731386988112675,0.3746577780110202,0.2944647474847417,0.11032350799520947,1
0,2.8662970180865432,0.5197947076831518,0.3464762410789358,0.1800965164507827,8
0,6.032507710260317,0.21317550392248957,0.7111639922298711,0.15160274241513225,4
0,2.5005612574185596,0.5208062557649753,0.5107394630814934,0.2659963074388864,10
0,4.649422449525253,0.47482837826226604,0.4993820234324716,0.23712075631976945,28
0,2.651749946610228,0.3958032400351478,0.33448450343849057,0.13239005020250208,13
0,5.171358995779229,0.5484510903932966,0.37204774830416887,0.2040499932357922,1
1,5.218683614043636,0.4617666999077053,0.7293136845518925,0.3367727733130566,12
0,2.216467969753853,0.6620794694980193,0.5249545378893169,0.34756162195633683,2
0,3.7462614181015947,0.3925480591243137,0.2825407287558174,0.11091081469666529,38
1,6.770322963804551,0.6175796762139082,0.3627017183657175,0.22399720979052795,7
0,5.321796756377927,0.2071456217429763,0.5085390879356043,0.10534164555102685,10
0,5.033499021389428,0.42471745479951967,0.4718540622563417,0.20040465635832755,22
0,2.7270668685540116,0.8011624284492203,0.2854499451340681,0.22869177124430665,25
1,4.862621316969591,0.45583069351152555,0.5449738129202614,0.24841579108906311,21
0,4.443947536235846,0.30463245901828884,0.5241401928461434,0.1596701158170408,9
0,4.0981929749096455,0.5355141287031803,0.2763492314998719,0.14798891792444735,27
0,3.123749459418653,0.6239890901761234,0.7032169000882854,0.43879967368256306,20
1,2.407925908256221,0.9,0.7175659523304314,0.6458093570973883,31
1,7.405931651442009,0.6461892610308753,0.36065240952256195,0.2330497139983889,32
0,3.5311375281478705,0.25103413390479257,0.4981420666983223,0.12505066227515674,8
0,3.696407673971018,0.3542151537296197,0.4687808546640614,0.16604928250033302,2
0,4.368994525754185,0.603324890740184,0.40681793695589563,0.2454433873650628,8
0,7.171146252132603,0.4542585412258935,0.4610140991383652,0.20941959215916323,28
0,2.5748420545959707,0.3722885647333626,0.5551172913516433,0.20666381965597516,7
1,5.890094878691005,0.7482356741640313,0.6330798525534664,0.4736929302750085,3
1,7.3036484066591605,0.5294086631954598,0.494592655601851,0.2618416366284684,39
0,3.6173881601916484,0.4261118790161535,0.3334309737656126,0.14207889875345095,10
0,3.7227565792677693,0.36433697997386694,0.4644295365346963,0.16920885475171396,31
1,7.225715614704979,0.5767123374435403,0.45840469296199055,0.264367641973198,6
0,3.6399596412320965,0.42457661591687273,0.354919718838793,0.15069061314674267,3
1,7.286280537773745,0.5818966752011372,0.39281418581122624,0.22857726869539427,8
0,7.312891598692189,0.21502640920198712,0.5690267327102371,0.12235577507462118,39
0,1.59446787560006,0.46897461172495547,0.6267717754147811,0.293940050015308,14
0,2.0101600408995193,0.41085553012923,0.43846153024948425,0.18014434445192526,6
0,3.9051006455290267,0.5196346347426474,0.5091261555646879,0.26455958388478484,30
0,2.5568898587561817,0.49698062250459235,0.4872428681631023,0.2421502639306216,34
0,5.169656976361197,0.3561254825358522,0.24730467907086856,0.08807149816748713,19
1,6.5779701600039555,0.40043318475762063,0.6331304535219922,0.25352644387084805,19
1,6.276188145162155,0.5227402513184625,0.7707401031011367,0.4028968751963059,10
1,7.495102756404851,0.6320313827001719,0.5290149541748538,0.3343540529562009,32
0,2.7792063602648787,0.688017821050573,0.4270436224882215,0.2938136226378896,32
0,5.1299287354525624,0.277669780066977,0.368822564423675,0.1024108803472603,7
0,6.404671984056396,0.18376449084880897,0.43807000450036665,0.08050171133314533,16
1,4.500053009104123,0.6295914477066888,0.4311730558832148,0.2714628684656303,32
0,1.8968838515310695,0.46869480359135196,0.4905340556912863,0.22991076288709672,24
0,4.44216119528861,0.6081519314189315,0.43431796630775055,0.2641313100600009,4
0,1.5772196209178373,0.299708634038064,0.6126404312284575,0.18361362679997148,35
0,6.984933578271401,0.6282649516469406,0.31745200984403354,0.19944397161488586,13
0,3.8270995259075598,0.6608250804635678,0.3208015425316749,0.21199370515633076,39
0,3.8640634970187895,0.3527937623419568,0.7083914681055645,0.2499160912439044,28
1,7.288398333557662,0.4888065292762805,0.4451897604064219,0.21761166165360196,36
0,5.972267247874827,0.4527614365522534,0.5709405623381775,0.25849986919018464,38
0,6.3405612411633445,0.424714813436443,0.44709831717548476,0.18988927836693364,26
0,4.29652415050482,0.6786437414986769,0.436933711785411,0.2965223289529559,2
1,6.437229977680141,0.5845286897541597,0.4179533241522081,0.2443057089450858,11
1,3.3766514662958045,0.5344380640212353,0.8213999839326549,0.43898741720004186,36
1,6.082620449662986,0.6711772969156762,0.7379333059355023,0.4952840815818392,15
0,3.8657837420153243,0.490114613443272,0.46723188905798774,0.22899717669402542,2
0,4.327498787672273,0.7863009587522553,0.4811882455395959,0.37835877880809987,14
0,1.5966051179419463,0.5211736058174485,0.5032205915515819,0.2622652902205274,37
1,6.865431645402068,0.37250339596851056,0.5657644321649472,0.21074917229963885,33
0,7.367598356657945,0.37687678659922086,0.21578957754046363,0.08132608256505333,31
0,5.998352551182476,0.28932854273051023,0.30785873146579634,0.08907231814186232,3
0,5.080966383909052,0.498873383370283,0.3235845421218717,0.161427715334662,28
0,5.963788703734017,0.6294249813061479,0.48180800420779524,0.30326199404164395,6
1,5.394629260747395,0.45431935724638706,0.2772709634678905,0.12596956590581848,23
0,5.004012500536003,0.5734545663269814,0.4372141039837555,0.2507224243920443,23
0,2.526913272133273,0.36739089906796174,0.3879930140525708,0.1425451022648623,19
1,6.510064902023242,0.5779935944769823,0.4167042772833931,0.2408524030609615,7
1,6.89470298671149,0.6401501423791075,0.7666520533914214,0.4907724211337535,10
0,3.880273359727723,0.5380666605244697,0.3424908931214681,0.1842829311219114,33
1,3.68403024375493,0.7077033987772032,0.6889192337000407,0.48755048317250516,29
0,2.0235356309030137,0.5463709780969863,0.423248466805052,0.2312506787863261,34
0,3.8740954979457243,0.3389234770856624,0.34391763342102166,0.11656176015012487,34
0,6.190977673261681,0.5536557674968092,0.3352556828197539,0.18561624237923768,22
0,4.389855300220378,0.25162183018260054,0.31485185469919097,0.07922359991579665,15
0,1.8125594338192517,0.40753405635582407,0.32487897914174824,0.13239924819437582,9
0,3.0560745125648197,0.8359887231946865,0.5839355074135497,0.48816349927069486,10
1,4.870566555215114,0.7376051189771459,0.734003895190153,0.5414050304414213,8
1,6.128999564002228,0.37984989792408536,0.6690172122516681,0.2541261197832523,20
0,2.5301943865453866,0.45035853648056173,0.4707622976978048,0.2120118194214099,30
0,6.879837386059418,0.455510686709257,0.5417485052975495,0.24677223367180032,12
1,5.255988622550386,0.37051747404613866,0.6756744121128869,0.2503491764536766,9
0,3.61984536108235,0.367498306457523,0.6117367887907932,0.22481223387837995,3
0,4.575740383035836,0.297259829669136,0.3663046546035379,0.10888765923445937,36
1,6.084401194473983,0.6294379826878314,0.5163379027636444,0.325002687900814,16
0,4.08691529718744,0.41644286822556,0.6127223644580817,0.25516385888087045,21
0,2.5284974448309483,0.6240979784666848,0.5525162596641837,0.34482428072639093,36
0,2.910636236899619,0.40242451781145655,0.4312988655364615,0.17356523799613877,38
0,5.034393251936375,0.440377448626639,0.6210988166926675,0.2735179122401415,5
0,5.017101362738689,0.4278402259383167,0.5244823979191109,0.22439466762638255,7
0,7.007408683221246,0.5270171816802863,0.37831063994464315,0.1993762072632914,16
0,5.186934256322305,0.39529645714554196,0.5336095506071113,0.2109339648540159,4
0,5.2859867482950245,0.3145828670160072,0.3361188395319067,0.10573722819804046,17
1,6.151085610640886,0.681256182916105,0.42873281302150684,0.2920768796899159,18
0,3.7479446425898386,0.6893297052143813,0.36784124771815874,0.25356389885524855,5
0,6.1303613616153845,0.5458317704421142,0.5647350031480716,0.3082503065989448,1
1,7.477022298035843,0.48834285008455847,0.7854641474412775,0.38357580040071126,36
0,2.1290660455272707,0.4574563049443997,0.38066801161946345,0.17413898200597155,37
0,5.146495869247847,0.4140248905532987,0.5704575173160535,0.23618361117208558,20
0,7.162110176931014,0.5589373293294306,0.4751002634052613,0.26555127239144577,15
0,6.404706096623043,0.4101115398526624,0.3483445755070414,0.14286013026051478,13
1,7.190700255268373,0.46418755953540813,0.5533803297563193,0.25687226476448527,36
0,7.135533452595569,0.4978234932505623,0.5466156687801941,0.27211812169764854,39
0,2.6804005056685574,0.5150203157423066,0.305486809115741,0.15733191288589865,31
0,5.879202191705904,0.27647588464622275,0.5608169717134054,0.15505236837907943,10
1,7.15315859464531,0.4015200154426675,0.4202577009983522,0.1687418785947583,24
0,5.961850937437622,0.4422802824135679,0.16053160690383966,0.07099996443773408,1
0,5.440319744963489,0.5952604417406235,0.4856885160595895,0.2891111606179792,33
0,3.925854366657652,0.653752015810975,0.4092561480040543,0.2675520317406852,13
0,2.86734676744322,0.4885255735839379,0.2827904419681862,0.13815036286656346,26
0,6.304274658733362,0.39862488704147714,0.634690322486067,0.25300335810732716,3
0,3.5972410895142906,0.5663751770775078,0.6069596246497985,0.3437668648899273,11
1,2.6404358510630406,0.583081023600063,0.5398942580934768,0.314802096644941,29
0,2.922921731038209,0.522975500720028,0.620304136700679,0.32440386648974223,15
0,6.9301742660761825,0.5793713852045717,0.47418707484773603,0.2747304224006367,18
0,2.933941246806392,0.5315448229841545,0.4653156986654769,0.2473361506788891,11
0,1.6331578212956581,0.48622063848628994,0.3840557799422535,0.18673584653787256,23
0,1.7170504559205617,0.6061624028818463,0.4907188167930898,0.2974552971266358,32
1,7.319742967721541,0.6250010556731305,0.6854593548112086,0.42841282037802825,38
0,6.485561466440821,0.49162427411815723,0.385007237414384,0.18927890362408356,23
0,2.8358968158208864,0.40589828591974314,0.7034234068361054,0.2855183551106013,18
0,3.9536557386939273,0.5443767460649841,0.503107364344306,0.27387994992308373,1
0,2.2380357277870653,0.9,0.47039482915491654,0.4233553462394249,38
1,4.602988284160683,0.22745661724484778,0.4860465384873407,0.11055450146789823,32
1,6.541169300853536,0.6310060168379855,0.491651571074023,0.310235099535557,3
0,6.741927713252632,0.42989220759589175,0.3543032018710577,0.15231218561064186,3
1,5.939222584084633,0.6328060650752733,0.6067807890583633,0.3839745634872923,33
0,6.576853839047902,0.27124820317697307,0.5787114825382975,0.15697444979639544,2
0,5.205820322570657,0.5847520630837367,0.3074171285499293,0.17976280014684948,25
0,3.5274013956754757,0.6076872862411736,0.5145397012858126,0.3126792347377196,12
1,2.822267066417835,0.47888464740419334,0.7958356035101609,0.38111345237866684,12
1,1.5013203435823312,0.788643411722568,0.6493585489886894,0.5121123415056563,20
1,7.365869420667614,0.6056309009039265,0.568234220546646,0.34414020291410563,1
1,5.354784756628341,0.6003507690121681,0.7723763145990711,0.4636967144363366,37
0,2.606893992430594,0.5295462789430063,0.3758579629013361,0.19903418566550105,24
0,3.277704897733817,0.3196263817667251,0.6315982849816917,0.201875474558767,38
1,7.105652927362868,0.5563755975370669,0.7085991700060459,0.3942472866263834,3
0,5.642187074540076,0.4552488401689462,0.4563593048794867,0.20775704424669283,20
0,7.4400801436840975,0.4646237975452942,0.5205810834365164,0.24187435991651793,13
1,6.860293248290855,0.43607099544358974,0.47638366882690997,0.20773710067842002,1
0,1.720680118082544,0.6016785317967509,0.5300873914239006,0.3189422033959021,1
0,4.6505916229117545,0.7192178509449348,0.22034253773889206,0.15847428646431916,19
0,5.66419220148127,0.38317257618231204,0.10712620034662584,0.041047822163439114,13
0,6.422884933938796,0.2453344126857333,0.29237173734741106,0.07172884846803457,35
0,2.4041460810371698,0.3875687314937101,0.42277509093579413,0.16385440570112367,7
1,5.309862961711054,0.6163906738228317,0.6055508446162321,0.3732558931469842,22
0,2.43172960937473,0.7431715354636591,0.3662078336046685,0.2721552379988017,29
0,5.791142132570142,0.22632973564625392,0.4551123065724917,0.10300544803590891,29
0,5.53899594786097,0.44734540720100957,0.7389604922678876,0.3305705823190367,2
0,5.412488489159046,0.5373443358570859,0.6768155738383406,0.36368301502189554,1
1,6.81116890230657,0.8053926912213747,0.6704152260664252,0.5399475231574246,19
1,6.051987223965872,0.534860954438442,0.6568491687419669,0.3513229733154256,6
0,2.6084485753563156,0.7868911804583486,0.9,0.7082020624125137,1
0,1.571202102350685,0.5876119754857876,0.4562822036513118,0.26811688706655573,12
1,6.128051131502019,0.4037277746115023,0.7403214810745433,0.29888834405131676,14
0,6.265881903842162,0.3019338317770338,0.5189433792549227,0.1566865629737613,18
0,4.2414437079165435,0.602847190880441,0.47102470740016744,0.2839559216914726,12
0,4.889503686853814,0.4204218658790161,0.6588477655985839,0.2769940069431773,35
0,6.400674087444824,0.44990023974925175,0.5599356476813774,0.2519151821360042,38
0,3.8659738063633355,0.5707728590650224,0.2744398225571899,0.1566428021622647,22
0,5.466649255606134,0.4813207877139432,0.3056782558503544,0.14712929889291684,25
0,6.860924710176125,0.3802052617889267,0.21264064300157803,0.08084709133938069,6
0,6.113125786120225,0.6566828991780964,0.2570045696943297,0.1687705059288916,17
0,4.808882035491729,0.6675824315757858,0.36360824687839033,0.24273847759208445,37
1,5.1068685772674085,0.5073772171860972,0.7164065641596473,0.36348836889717506,25
0,2.389461979410229,0.38538863437708937,0.474173665341609,0.1827411413435817,17
0,5.051613409566044,0.5770834125359345,0.5508900062793561,0.31790948475563324,37
1,7.3523036498848,0.4496949352417915,0.27418634984967283,0.12330021283983181,32
0,4.541283661659387,0.42568736845385957,0.573900202070076,0.2443020667743489,15
0,3.8786981633254083,0.4008239110035085,0.5575001090264226,0.22345937408485309,7
0,5.081670700273218,0.6386780484665887,0.5079349777713867,0.3244069203509494,1
1,6.383037734186168,0.2861039401989438,0.7406683629524256,0.21190813702139036,7
0,5.229475715582339,0.33907139704542844,0.33548116652448146,0.11375206781588594,39
0,2.134078452352447,0.5134952661328148,0.5373258291341777,0.27591426963128995,7
1,2.64102806343047,0.3767094701517068,0.6062609172838335,0.22838422892368065,18
0,2.358899442627372,0.5467573234988305,0.45146090187927523,0.24683955437588068,23
0,3.487719990177413,0.7652584642628792,0.31426913315825444,0.2404971142059121,37
0,6.668391180601853,0.31388386702236665,0.1640026283617716,0.05147777919202493,31
0,3.536163293509934,0.5235055127029868,0.627094141305482,0.32828723995716563,8
1,4.396759068179657,0.5724920882409522,0.47077710365708697,0.26951616716867294,11
1,4.8324336391916,0.6206850421554758,0.6543758600483699,0.4061613082796482,38
0,3.9616193878999324,0.5865235182792834,0.3257925849252068,0.19108501313963452,26
1,4.628574908839644,0.7366602517214476,0.4626190743331834,0.3407930837494259,4
1,6.952318643307859,0.6435867633438914,0.7820318966832667,0.5033053772180681,16
0,6.217981382660489,0.43315577956489504,0.4989961188904278,0.2161430528778403,30
0,2.647923217655764,0.6148095170531185,0.5396433644151709,0.3317778762570113,31
1,4.4813784725970365,0.6351507510280793,0.8596447252282987,0.5460039928460808,34
0,1.5669733316871473,0.5972376181873853,0.5932427484605335,0.35430688609750716,32
0,5.941089124712715,0.5726691096015741,0.31367300113299,0.17963083826488294,31
0,2.839074993712527,0.4426044809782148,0.5449461142379544,0.24119559205338476,21
0,5.797050381263414,0.5760435856857554,0.34029208985042436,0.19602307561793772,17
1,3.439714192155675,0.696012937535693,0.8627142023959506,0.600460246263368,16
0,1.6339100629032226,0.21859430258428963,0.5156431785052419,0.11271666098769972,23
0,1.7598671091160576,0.22126451774230055,0.803559573221779,0.17779922144612575,39
0,3.988188910884761,0.3057919229197594,0.580570706516092,0.17753383273643905,37
0,5.056022339009258,0.2928890559018087,0.14213068648705535,0.0416285225798696,29
1,5.730804386576952,0.4557863227109088,0.7094777629364575,0.32337026061396984,7
1,6.296052469213899,0.6561624497820062,0.6049430263711253,0.39694089816221834,29
0,3.669954312595337,0.13975201224923323,0.6283751127990117,0.0878166864610008,38
0,4.486269863559575,0.4294078109345123,0.2886473699245917,0.12394743525132332,27
0,3.14785889128287,0.34759970359742765,0.5772786818763497,0.20066189871333287,6
0,5.186294579741457,0.5457908939492341,0.6566675480878347,0.35840316809831096,32
1,2.2152136279023456,0.6243725773998473,0.7472537263360777,0.46656473508409696,5
0,5.256627306742807,0.4536170918209728,0.42871267820591663,0.19447139831454846,16
0,3.705697280408772,0.48818663536568463,0.3368637921314512,0.16445240125717853,10
0,2.5625736571261073,0.5195111423330758,0.7393103360025703,0.38407995719534543,3
0,5.596766156973907,0.5303343857490903,0.5998882076833033,0.3181413441398474,37
0,2.093366029063989,0.6547042360961474,0.5907038610306558,0.38673632009512027,2
1,6.706553969217152,0.5739935485905585,0.4903090262009741,0.2814342178550783,34
