E,U,D_enc,D_dec,D,tau_v
1,7.360777442714044,0.5240347240879489,0.6009447686915289,0.31491592605336166,9.19923123635556
0,1.9109854213673096,0.6132189720791531,0.44430350334686125,0.2724553376135288,55.597464407263516
1,4.8367010792836,0.48427378328684495,0.7392490050029481,0.35799891244381343,3.379055721311501
0,3.4361215732223624,0.7645570655774792,0.37285027906492973,0.2850653152616269,44.595304700972214
0,1.8689094693382382,0.6620574730911397,0.7327173717632002,0.4851010116395255,16.21012127875961
1,6.697794052526841,0.7234074326534592,0.8815977115439181,0.6377543371411507,1.7929043551189787
0,3.916249091571595,0.36179835042045616,0.6279333579266977,0.2271852530718571,180.67972647943137
0,3.2288152816918227,0.3905438971757136,0.4291643212032694,0.16760750653149456,14.75329906429125
1,3.826290561468202,0.6489320577645512,0.6906398882697288,0.4481783638691548,0.9086778884273966
1,6.464584254891429,0.620799769144885,0.8990356200036469,0.5581211053512926,6.743409229096339
0,4.760015966393729,0.2713785378849156,0.4295397445257413,0.11656786783285586,55.50830460510915
0,4.642207378984101,0.7603760839910523,0.69631362815882,0.5294602298090053,38.779635297377865
1,4.326570164067668,0.3538902274121499,0.6969118664898907,0.24663029891833327,0.9648372717055582
0,2.064341556850626,0.49609609948588734,0.5391092375437465,0.2674499899422633,2.824253411295696
0,6.833002515153629,0.2883205521347857,0.48977684181591025,0.14121272945519484,33.72433892601074
0,4.606460465495837,0.6819541753582734,0.32892054134737775,0.22430873653294786,35.48630682761964
0,3.0030931059234263,0.5306548721011634,0.4623858488705356,0.2453673034937819,92.81151760412291
0,6.235637258525098,0.3965235428594728,0.4326327954898427,0.17154908882483016,62.889113061467945
0,2.830183964685901,0.4946486152540887,0.3462968412033273,0.17129525296809092,49.0080005826473
1,4.776986552264031,0.5485298167306526,0.6159645936611076,0.33787494567349824,4.486674600976562
0,5.271593483339574,0.26447381388449875,0.7180221382778392,0.18989805336384308,6.135432546541233
1,7.1165024800930325,0.5702456042685045,0.29985426154719963,0.17099057456846903,0.07727696326951129
1,4.667018231747281,0.6673732240158836,0.5442525490508061,0.3632195783388993,1.360371760980212
0,6.4105340678949005,0.4549704258219607,0.49152909859191257,0.22363120329024697,21.63112004377528
0,4.076363935401117,0.5615814353409719,0.38434769429146876,0.2158425298301961,37.8312734249843
0,5.27548956844716,0.36325307974519705,0.5279699768666741,0.1917867201098198,0.9137304783322511
0,5.532538948173121,0.7642820277729676,0.26212782517794164,0.20033958576271518,29.443558980506342
1,6.306930254742387,0.4287358892705236,0.6850431801650367,0.29370259703676455,5.067257970926233
0,2.5441405638954944,0.8368272430950312,0.5551921281288447,0.4645998979701244,44.72658470780797
0,4.437631747357212,0.4543400465232721,0.5659833362472715,0.2571488953219821,32.96918989855284
0,5.3668714827048865,0.38486959044593144,0.4447866208971355,0.1711848446205103,6.215669483956523
0,5.523806543763335,0.573563071336266,0.5963049564593339,0.342018502279854,26.032793350251126
0,3.395251032901421,0.5250695743652066,0.8614173440489556,0.4523040381905919,18.032934780054717
0,5.568855858756104,0.6669029660195844,0.3761551201821321,0.2508589653329171,5.172679144541473
0,3.2058450871273103,0.5131499881008561,0.5112150514130503,0.2623299975495853,61.07633734544397
1,7.220447467602967,0.6380522403854403,0.37166042418641276,0.23713876631474373,7.678731585257034
0,2.8498501415748736,0.6074711740630873,0.5207506288881625,0.3163409959247831,11.277959536984469
0,4.159096635050492,0.6121709735533022,0.3142959672437958,0.19240286825151126,114.46685476317376
0,3.1555586082817486,0.28519840153946263,0.40273338901591205,0.1148589187939087,4.558805469118792
0,6.329781136311244,0.6919396422560287,0.30324831975458155,0.20982953388572695,21.91533249673946
0,2.165851761908119,0.6096733443742671,0.43546574083249834,0.2654918545737671,54.51041460299418
0,5.277982611114586,0.419009693318602,0.6224283555707346,0.26080351438049526,174.87643016855375
0,1.6852361954048023,0.36495067522727354,0.19400662000700014,0.07080284697011578,22.282582107742073
0,1.687182695983042,0.5484185855935811,0.605532706748377,0.33208539056559766,28.47076820195931
0,1.6358598824143422,0.5082789587597472,0.521351274777321,0.26499188309188354,127.31653060230018
0,2.7098740019609195,0.3098263309301764,0.3405114180555602,0.10549940329598564,57.85940959033978
1,6.471777673317729,0.5057699593313033,0.5189717814448106,0.26248033679543586,34.19913143450635
0,6.05605474915772,0.391525673173991,0.5960830384052054,0.23338181287919596,8.113092200264001
0,3.7718105005179634,0.49650172132669523,0.42132436752665225,0.20918827371386403,9.520858499490734
0,2.2164790242952783,0.5417901193518392,0.4320994003998834,0.234107185714511,40.5706861893147
1,6.584809538940292,0.8699379435963575,0.41670435025108177,0.36250692554508235,9.917443668371186
0,2.9387267061179587,0.4684573853247403,0.12711339091967594,0.059547206749992976,75.7164081371474
0,3.4284133916164925,0.4548297345022684,0.7632902849788683,0.34716711766509945,22.25341174417617
0,6.756364526357583,0.34055161912205434,0.5891482308691836,0.20063538392539434,9.098018246367165
0,3.7150354456825743,0.24381634832133042,0.2800774297902384,0.06828745617867973,4.59667692583358
0,4.461523566325869,0.5136871379292762,0.4628630708245168,0.2377668061050019,62.05756612648493
1,3.985104403013173,0.9,0.5325839470933722,0.479325552384035,30.129162554439446
0,6.362229420824279,0.6836950698779484,0.19990174488786128,0.13667183743983013,26.51469700146304
0,1.8001791301866208,0.22217429978132458,0.22823530228445005,0.05070801847042664,8.141682837375896
0,1.6453025146534954,0.416272033804781,0.4269003096699892,0.17770666013821723,21.987022884536284
0,4.242352797481586,0.5472173198197673,0.35493544881728556,0.1942268250108212,26.397785419149127
0,5.114512935295708,0.32735140144842645,0.7117179972491423,0.23298188383557406,9.615903977990772
1,6.753395326751253,0.45776856903365254,0.6363343350402182,0.2912938579783415,5.952972027488702
0,6.387502762546945,0.38900896183600053,0.38640164363881596,0.15031370224366003,68.00126066577796
0,3.0102479685076897,0.5514014743810913,0.3634071452612257,0.20038323569766328,9.50778629091172
0,5.367315822914351,0.5340649068047904,0.26045449880779215,0.1390996076326719,99.92094124173852
1,6.349262711361245,0.7676568583879265,0.6645195680828375,0.5101230039717729,19.563835553768644
0,2.8904176380621713,0.4473920239456129,0.8386836891064411,0.37522039311950384,9.790770907510423
1,6.2759411695536835,0.5879187993070231,0.5809856093842782,0.341572361883864,30.194361102613012
1,4.257065514787941,0.5528485127266471,0.7774168861885433,0.4297937692979173,8.834022276460164
1,5.383965555113361,0.4433790467517846,0.4490666264796492,0.19910673277658655,10.176469836699816
0,4.573730657906064,0.5297474658529108,0.5199030282493622,0.2754173117043539,58.48156175646609
0,1.5957929427612993,0.4866482897154831,0.4383987729676957,0.21334601307809548,40.99472360594825
0,2.4823179171360166,0.4832758273935978,0.2618598013454179,0.12655051215633,8.517387817189219
0,6.357155038462749,0.5443213509195084,0.20240357129724257,0.11017258535944811,0.27813841920590376
0,2.7837692120761695,0.37773058408716487,0.6029692907507813,0.22775994238191616,15.709679885073696
0,1.5897270838446698,0.7362445788402496,0.3141601822519547,0.23129873107046645,7.3142272082266615
1,5.605080976477268,0.41917062959970375,0.4205963127424463,0.1763016212195651,0.11889489485354744
0,2.8321159030800893,0.5425978266439881,0.6031157070221211,0.32724927184505526,102.7661577492296
0,6.142267246518962,0.4578909765203729,0.38378456408104555,0.1757314888205156,60.50622944167195
0,3.9708547352319528,0.6186989187642888,0.5528396622445984,0.3420413012807476,97.82854625556494
0,4.585469446402505,0.4152943967071413,0.5253288613285603,0.21816613253829392,130.90182602067986
0,6.5802727258227245,0.49330567035344325,0.19135903402050553,0.09439849655567283,11.759376410920225
1,5.0203219000231005,0.510971089906529,0.5697011588975187,0.2911008220828778,0.7846372211220807
0,2.064371294723135,0.606886831248624,0.4604852994688399,0.27946246423121796,75.89528352197672
1,4.09094429071936,0.6700972423221826,0.5412969971424368,0.3627216250624253,26.851952685484946
0,3.254141390755377,0.6204936643758009,0.7213061196341184,0.4475658773084639,8.544709399764365
0,4.48137836688278,0.6127232329380203,0.28265306493537645,0.17318809974704405,25.543244316676134
1,1.7204412936887754,0.4882849674053495,0.5743809989374287,0.28046160734441444,0.13134517549075542
1,7.269451892230196,0.5363227606821672,0.710041407069964,0.38081136763841356,8.149998248992505
0,2.260554312747295,0.38660431595377726,0.5027793539625952,0.19437666821439117,31.60222783767017
1,5.849901050801115,0.6759885981450472,0.5358508732941382,0.36222908065290377,20.87353994031462
0,4.542397495026622,0.42811302472344215,0.778304719527626,0.3332023876335023,23.097818139245522
0,3.9932127109185855,0.44422165526736934,0.39808506268392124,0.17683800548266598,17.228668911417092
0,2.831112010414329,0.5586605128000887,0.29771587498113794,0.16632210338568962,78.78207321949733
1,5.985159225996081,0.5861501930553866,0.7175922188522063,0.4206168176152639,3.5461246851217205
0,3.553252977892128,0.5350881628624817,0.47632553585892506,0.2548761559072394,1.1157088597325355
1,6.736370426894886,0.411709120578864,0.6287225377693673,0.2588508031131378,6.560209305825478
0,6.423278717465511,0.7350913582400602,0.3075709995287622,0.22609278379885073,73.76765489937723
0,2.748372520608526,0.3517866419901926,0.4126637039043491,0.1451695786677461,12.748505383911503
0,3.713084567521446,0.2790722370945709,0.3980789081748499,0.11109277144451964,10.51276357644413
0,5.852347953861804,0.4384108683824849,0.5546922220895883,0.2431830987713066,12.994430528981162
1,4.259858236052485,0.6061637696259329,0.7142064437656388,0.43292607024411145,12.198187157384755
0,1.7809061514413587,0.5324192363506403,0.4836514720531746,0.25750534741041425,12.589211726566468
0,1.9974887618687183,0.3471762359245615,0.3657886073103075,0.12699311183008008,42.71048782324996
0,1.9312331798861397,0.42563732827650325,0.48703989256032526,0.20730235863345203,21.752253378335375
0,6.292570275111295,0.5348421512410161,0.39096078974960274,0.20910230984056413,38.25796115300621
1,6.468522047123667,0.5354052520148903,0.6546724658924664,0.35051507658836567,13.891037439361881
1,6.692932275664812,0.6047468663841108,0.7140639230194558,0.4318279198439608,2.0467306613551566
0,2.9148757487173866,0.31472184987477914,0.3553318066138177,0.11183068349684798,11.581643147775294
0,6.1096656397611735,0.4073051264379293,0.6703429042360802,0.2730341013666454,4.867925465380465
1,5.832443166256143,0.42253568745032166,0.5797106947032423,0.24494845690873804,13.054141509304573
0,6.917798941657768,0.3936087128426699,0.5231256815243324,0.20590682615973693,27.47596280130754
1,6.586674407498545,0.5495691634129205,0.6025620470427977,0.33114952009768717,1.4185585609961262
0,1.689178228312096,0.5516056250799823,0.49199330386118545,0.2713862739115149,13.038846446547524
0,3.4507514516569593,0.3849334030653936,0.616427120650713,0.23728338929388093,80.34150957966045
1,4.918714349331608,0.7688618920235839,0.43348577195719307,0.3332906907923113,20.00766715065851
0,2.1586568109405064,0.6021386935075272,0.6703322802277476,0.40363300343225755,38.80644006203917
0,3.8279278865170436,0.432887277157171,0.2698494570290836,0.11681439669566102,3.9991880229298458
0,2.749849070733333,0.2720037583289889,0.21178075731226165,0.05760516193069466,25.43852412894697
0,4.64860907744997,0.48685802095594,0.37978594446846947,0.18490183331080157,27.482515752743225
0,3.496785336465841,0.42285906641107956,0.500245381912292,0.2115332951718857,5.927399029474635
0,1.9197274985252473,0.31299648345637154,0.601930350952171,0.18840208313368909,7.997886203496227
0,2.5460804491009097,0.48751513561913973,0.3259817725991968,0.158921048078065,119.83533228409222
0,4.8465385116414375,0.3072601665591165,0.7463228681938785,0.22931528878812865,0.9799273860300901
0,3.773639947693275,0.4378849522630392,0.35273178967130525,0.1544559428818759,11.080521506829095
0,2.5649394891971387,0.8028268221632611,0.5932640385949146,0.47628828280889757,50.228011971695565
0,6.548211546243236,0.289679071406377,0.41596293832774367,0.12049575771424885,9.215134901537104
0,7.179498439141006,0.2501704697691039,0.3786605908747168,0.09472969790217436,21.06987747046162
0,3.9016147719466217,0.46779202108795687,0.39011322166676354,0.18249185241662944,33.22630894730152
0,2.4865802232828518,0.6528524967258318,0.6177092207663468,0.40327300702787755,24.24546141411286
1,5.660709590160418,0.5873584730146926,0.4611865086257823,0.2708818034814168,0.17220092484668936
0,2.2090284033226077,0.35519101571239686,0.35352405012828103,0.12556856644382444,3.123468001884894
0,2.1092761248662146,0.4910931264730927,0.35449511896156355,0.17409011629028517,43.24239701436673
0,1.5142748832768944,0.5959109760834721,0.5354603361855874,0.31908669159033753,9.551482979138994
0,2.492591945686722,0.525972704203467,0.6584046069547875,0.3463028515800304,8.178371589389602
0,4.323762519055658,0.45653191873522103,0.7147424531793836,0.32630274355150285,67.46420136752405
0,7.289466568298982,0.41015715892059224,0.5135161290087807,0.21062231653414182,96.2854095988651
0,2.3150300195351985,0.5328069652847773,0.434698184192047,0.23161022033416773,16.658343031764026
1,4.277238814737262,0.5661641743582094,0.45085940457528734,0.25526044254300145,5.8299166928173225
0,4.3933767889654884,0.5124128076197583,0.4859004818028758,0.24898163010440486,19.146580155216693
1,6.562920937541598,0.5441934056728547,0.6947535696621772,0.3780803111778331,1.736289249345574
0,1.7299393498398186,0.5301837619326326,0.6034267554098846,0.31992706723401515,53.41704457469464
0,3.3981795720976518,0.35417625522274415,0.7026877615037835,0.2488753199602628,66.4953122115012
1,4.493268452009817,0.7277106608852814,0.353895631984146,0.25753362423559717,3.9036469367893694
0,1.5904146896514872,0.3238706612603004,0.4812152735618339,0.1558515088570275,6.533502986827316
0,3.0782653921833854,0.48706459749406983,0.4178302929504229,0.203510343456727,31.220997934468766
0,4.8521151448547375,0.5814026796676263,0.3288772703776624,0.19121012627934736,2.158330480003942
1,6.988810354506041,0.6045739445140682,0.5779856361789393,0.34943505593717444,1.4144996302170976
0,1.5072619299124574,0.7902272272654585,0.41819983430771157,0.3304728955078571,61.25825362895161
0,3.0517556268924646,0.7802666640566547,0.46551977323771365,0.36322956051660116,47.82057342075112
0,3.847555847639992,0.4158342622871895,0.5752716837816758,0.23921767624006252,23.554684280628763
0,3.742758057486199,0.5742566337554763,0.7573893829831038,0.4349358775140144,0.354858623405792
0,4.509242565296645,0.6345568896734581,0.33775077479873983,0.21432208114108894,7.15332950796053
1,6.406516229306086,0.6690149572206322,0.6680026191606069,0.44690374368100366,11.093830616799082
0,6.447851475894824,0.29434149589920955,0.7129547936129221,0.20985218046053972,35.33796837868633
0,1.6514617343221316,0.1172466918992604,0.42341412021200325,0.04964390489829315,0.5588103796854021
1,6.078475776774315,0.9,0.6841941241675563,0.6157747117508007,4.09629863138097
0,4.456337450472426,0.5450620059071744,0.47481110596877873,0.2588014938463465,18.60120929687102
0,2.6666561991203546,0.2071466199708285,0.6453817802677275,0.1336886543732157,14.386118211803725
0,4.970250337720207,0.295824952043714,0.5299525669474697,0.15677319270267837,142.13723421486358
0,7.429705614329825,0.2788330141162173,0.45180849966250436,0.12597912576422204,37.956251419997244
0,6.040092417410714,0.651812386535675,0.32107865219483234,0.2092830425527716,7.815305038578131
0,2.3198434390356875,0.6626831228826423,0.5518651194466094,0.3657117007648816,16.184258000909153
0,7.395774855691105,0.5253461428565172,0.3892354055252484,0.2044833189558815,18.078829382529147
0,2.3644706193640266,0.33921420685301323,0.22305464130341918,0.0756633032346227,15.663393923274189
1,6.286696641869565,0.6032405190168295,0.7985123010118726,0.48169497490372487,5.485131590705156
0,3.8748717796808987,0.5204527139034077,0.5378426466766314,0.27992166511584443,35.87009669503804
0,3.917628677630894,0.40946173736406866,0.43070774837553194,0.17635834294601144,34.21244795125459
0,3.3262413290510686,0.7254590741821536,0.5646013566068517,0.4095951774459946,8.817575940855228
1,3.3334897479945402,0.29889867120478014,0.22860865272143416,0.06833082252435171,9.568919944390455
0,5.433013813189859,0.3470472828890495,0.596763502338207,0.20710515201382768,37.77396953763003
0,6.528474097418078,0.5903821483108005,0.47757414994750524,0.2819512526237125,12.800609575113794
1,6.8315487780035395,0.8469237563246155,0.4469542090346223,0.3785361376206997,6.110400264659709
0,6.759337940736975,0.3946121892225364,0.4110952324018857,0.1622231896370555,1.067705236931999
0,1.987252605898924,0.6597884056688754,0.4775082509865368,0.3150544076121403,80.86081612254526
0,3.3917816549572217,0.5460129878888433,0.7511354062887586,0.4101296874968254,30.364121393151642
0,4.2243439054864105,0.5004577381986696,0.37616263299995434,0.18825350050601336,21.634110524897046
0,2.6752489496487994,0.39479463967537115,0.566541200478319,0.22366742910409015,10.09872883401923
1,4.933283080364108,0.5420592832596761,0.3563498963929439,0.193162769428419,3.4383100582103414
0,7.364860868030773,0.37695804572175845,0.2741025047239709,0.10332514450818714,10.823967245682024
0,2.994872615650994,0.5023338460957318,0.6910863561550542,0.3471560672716531,47.56665775784752
0,4.430626998722609,0.513246155031446,0.3489612997548274,0.17910304535394106,34.33692209861491
0,4.339242188794732,0.3463762351169074,0.42792716197176645,0.1482237992680435,11.372144729336801
1,5.728122163564226,0.6261025814538201,0.7335734185335112,0.459292211029735,0.2939703768563365
0,5.2653311474179585,0.5646890630563246,0.4768322724936648,0.2692619691894656,39.14155324776545
0,4.2430998352521705,0.4701236514474956,0.49989517034094594,0.23501254282165332,2.7146046740671634
0,4.285214062279198,0.37107345838388145,0.5444775061186439,0.20204115120767616,21.563724657827763
0,3.9416264524008584,0.5022004434423394,0.4858823205444836,0.24401031683823254,32.57755033500066
0,5.352058131197813,0.3936630421644443,0.32427773426371054,0.12765615937644556,75.54557510805321
0,5.739983830814211,0.4367353696963008,0.3599340823840187,0.1571959445362832,7.208612889902075
0,4.517102646990553,0.4241957385867477,0.4920795085994328,0.20873803059374024,75.38381862387811
0,5.444032252553802,0.2962095114392731,0.5329894796980783,0.15787655338364015,52.251353601575445
1,5.936681290376559,0.5126174681704748,0.5003783345684955,0.2565026749938609,12.057777357878877
0,2.145098038321139,0.7952503363127934,0.609962195670141,0.4850726412447695,4.763276405818841
1,2.4811299443373516,0.5593963899464187,0.6704558822829763,0.37505060016743796,9.819472417898451
0,3.067214482778896,0.487508981704261,0.6189784856589045,0.301757571240418,2.23008244297138
0,1.8167276569058712,0.6929369280352926,0.5312207987246973,0.36810250837674624,31.13544437352128
1,6.433774296573488,0.37555811636156666,0.6310867876370754,0.23700976522565206,2.6060516287342628
1,6.624579434634733,0.5696244378834867,0.805308280984181,0.45872327687853104,0.26533872429705957
0,5.378522441161046,0.5789253377029226,0.40200926578590945,0.23273334995481162,14.744614966010918
0,3.512224846983614,0.5348616549561261,0.5242770584026577,0.2804156951127751,25.322921373648228
1,6.036758018449679,0.5772551694793161,0.5598316843938502,0.323165733854663,6.921724856734604
0,2.357585967498725,0.23485025831748624,0.7417543791512535,0.17420120755179852,18.08595771386168
0,2.4459722404569026,0.21122877918178146,0.3982172798803553,0.08411494987821724,25.288604910143988
1,4.152390962112562,0.3625641731012429,0.4434675156805632,0.16078543311998586,21.951958407790674
0,3.785391555676002,0.42226112854785464,0.3864663222229085,0.16318970536758418,50.22423798714135
0,5.32119644186296,0.40776589495102045,0.42555248930454176,0.17352579164990103,18.333773587161886
1,6.334134987132109,0.7032328765149267,0.38523831239000594,0.27091224656577984,9.424931748363148
0,1.914011367777254,0.7204204816939612,0.49357553159108725,0.35558192222120405,7.433403523509781
0,6.358033775623329,0.3587925136931345,0.19263142458914573,0.06911471304462907,12.283122041094568
0,1.9426221943007924,0.5405990090966222,0.4079560836312311,0.22054065456598226,39.89124126162895
0,6.212869655277846,0.3202299949498264,0.598501916240341,0.19165826561510582,13.1808300214192
0,3.2772832813640136,0.4222324460113839,0.5926231216045599,0.25022471019799514,43.67038294886903
0,5.382798515027495,0.5166052518779253,0.44816624661855325,0.23152503671756208,7.198850407733309
0,6.062941839067817,0.541414771853143,0.3703336729802829,0.20050412106615634,51.92073405713428
0,3.5064677266585793,0.32393282347017555,0.7337446565092912,0.2376839782892088,64.58186788231974
0,4.903493296831158,0.729328967280539,0.3955212407504138,0.2884650980540167,45.937371317284956
1,6.8570116676446515,0.5267933827631271,0.5151963659928821,0.2714020364286605,39.25859267404552
1,3.832644969961091,0.6790402093979346,0.7945609208515698,0.5395388140744657,7.364388803519749
1,5.875855301865945,0.6966221166941324,0.591357054345479,0.4119524029201547,11.27380826052441
0,1.9039302644900415,0.4127604544291018,0.3654280282702116,0.1508342390099432,262.4442657027835
0,6.320271760153523,0.4672142052935005,0.45352046835495124,0.2118912052067947,24.764238447210015
0,3.176957487089637,0.5026055826736979,0.4640279146861826,0.2332230204377098,37.900141716055415
0,6.766664019011323,0.4980635908211493,0.5771012223510271,0.2874331070714271,58.97712666213623
0,5.65368758939411,0.5908129668418861,0.3882541432310243,0.22938558225097608,230.98775112584403
0,5.198114885332856,0.5841832449449831,0.4278637401835769,0.24995082813473912,0.9874416006544635
0,3.84262477710785,0.734369343646207,0.5246615023389584,0.38529532310909376,106.14081626916617
0,5.098611981499571,0.52314806382411,0.3694841634869126,0.19329492474184926,201.0395839451528
0,6.713349656676048,0.5914631109158524,0.1945475912768554,0.11506772355779463,19.39172033569252
0,6.402393837634861,0.4966636453852708,0.1,0.04966636453852708,73.83800418740837
0,7.336019649467459,0.5779066288939022,0.3715198630212486,0.2147037916057341,14.621679129715178
0,4.247115616233882,0.6876603810175012,0.2597097509604893,0.1785921062994504,19.532046379167472
0,2.500283830415336,0.5463732195799592,0.4072684193890964,0.2225205575348617,24.71610606647138
1,6.024703216461532,0.5752885055662526,0.5411314103974207,0.31130668040249065,7.621126553021126
0,4.522940370090383,0.41104695774847866,0.3787928914839402,0.15570166566122323,9.802962104230954
0,2.2169421041537403,0.5560414128313732,0.48206988495004277,0.2680508199110793,4.66843379456222
0,4.039001203699511,0.24279938905947346,0.41394227593378724,0.10050493170261153,28.293270651621704
0,1.9999465814664437,0.49436354167110713,0.49116792966311873,0.2428155172635246,49.0036099638136
0,2.959582884456354,0.6657348766642079,0.5159697093509384,0.3434990308172142,36.072665722942226
0,6.820134865004884,0.508369978111485,0.32417717067784724,0.16480194116174032,23.15208234651233
1,4.33173846351384,0.662821483126684,0.4825770046223824,0.3198624059266401,2.1873397527659657
1,5.9639110021635595,0.6191877167933387,0.42579391107666636,0.26364635962406696,13.93699182008878
0,6.755858494084138,0.5835550303426987,0.3636322211687162,0.21219941185769312,13.027097821363835
1,6.602425930244126,0.4931577145057743,0.42202910916539726,0.20812691093091523,3.3704100333441374
0,5.602651017976412,0.456983364705268,0.33688858715091097,0.15395248008702722,54.59153538572315
0,4.786762703535639,0.33601737578006896,0.5894317865909633,0.19805932213165311,8.573237014399123
0,2.6883670490368496,0.2357191970331573,0.36253746263952424,0.08545703958782692,52.0089228182089
1,5.632346509798884,0.5577268721942769,0.5589415108849952,0.31173670060543174,2.2194522376907027
1,4.509642108402244,0.7097825517072984,0.7408964030541668,0.5258753395105455,0.8132634013425001
1,7.3922491761309645,0.7460191645563244,0.45653623178790026,0.34058477822810185,6.779505571586996
1,4.924857952015268,0.5318759314516357,0.5358415195190711,0.28500120730466577,12.209815737981863
0,6.887069420653562,0.65053782955293,0.2258518970922389,0.1469252029347968,4.297792822595715
0,5.597316677100906,0.5031469015887895,0.3537553088405193,0.1779908875636926,9.504284508297642
0,6.142466231010018,0.3553180884889202,0.3634171039531953,0.12912867070082856,13.096718687091007
1,6.301562876784429,0.29049218761190526,0.5535255638977625,0.16079485195577448,6.941312499017082
0,7.065824253271841,0.24907780647484568,0.5140784890198089,0.12804554240095703,134.8281619040289
0,6.450423717080395,0.46074765483776253,0.3593650895220186,0.16557662222783268,17.60636831061594
0,4.333002546577551,0.28435534463591794,0.507220939787081,0.1442309851397096,93.30837380304379
0,5.954309293744583,0.39693682561583826,0.446568319335513,0.1772594110976385,7.753868989439997
0,3.368283954625995,0.28961993182975554,0.4332418037607455,0.12547546167098744,40.31196946464504
1,6.803367413931741,0.5484547326211876,0.29951595352448623,0.16427094220605215,2.9700985680745564
0,2.2822410736953946,0.30102382117189086,0.7501415617502614,0.2258104793379136,3.9331967744639273
0,5.01401011362975,0.564418688547113,0.2652861064625598,0.14973243629936778,38.60218696001639
1,4.714543685616267,0.47641155074980535,0.6424084611888936,0.30605081120979694,1.36708655915116
0,1.5024900860477526,0.4810567066987561,0.5159620504138148,0.24820700475360732,16.710407520274373
0,2.0040097395698373,0.3833599198440529,0.541845030133229,0.2077216673197731,12.266183651793895
0,1.6012182909517794,0.5548369953489641,0.7019181956826648,0.389450182673336,120.45767278295469
0,3.20799840360028,0.4672282255659834,0.1839034023705975,0.08592486036516134,4.204293294803873
0,4.394913436431319,0.4401880357351394,0.3191295554190874,0.1404770121449564,107.11877482693838
1,3.9978001624750172,0.5569039028496398,0.6828153364951073,0.3802625258197153,6.130210545760642
0,4.182075565228656,0.298896231979485,0.34729994808451603,0.1038066458491326,8.368706216663433
1,6.484702418860176,0.24845501219239985,0.3610418898586003,0.08970266714678563,28.32415654066475
0,1.5517151234933473,0.5620741632100387,0.31506196255138563,0.17708818896038261,2.909063665624321
0,5.24858572504241,0.5986951378865083,0.32681950814908145,0.19566525049531514,38.98131892186703
0,3.619829219535913,0.6334630471574141,0.583803261813977,0.3698177931691195,13.1895974280976
1,5.963322716269419,0.5957854423873619,0.9,0.5362068981486257,2.282766032263675
1,5.081929364272987,0.6540754081117884,0.841621928787053,0.5504842065472222,34.07917984313399
0,4.231423299616793,0.5519997823451649,0.6108192600337279,0.33717209859085245,19.683377521053835
0,2.866873522464431,0.4857130680706757,0.550518738384442,0.26739414545110496,74.88867394060374
0,4.943545836708512,0.44664701031789433,0.36558334784661245,0.16328670933769626,8.054753044244686
0,2.0347546119753046,0.5566116418366956,0.5835741243988042,0.32482415151503047,26.770760876082452
0,5.337055104282042,0.6229113230121477,0.5252387381125493,0.327177157254919,11.56994465586809
0,4.050818898887343,0.26630614393693613,0.3888558241593028,0.10355469507928322,12.51796257666619
0,1.9104495861028619,0.6092642472342322,0.4131063731354258,0.25169094345601906,10.095862495047626
0,3.560375609401167,0.5190655945206082,0.3161625095409749,0.1641090809800136,70.19067260812973
0,3.2827749931482075,0.4234740491978591,0.5858148042151723,0.24807736722105006,105.6999826729192
0,4.602428094608113,0.13101387507537793,0.3559550825144983,0.04663505471300032,72.7762809387693
1,3.1308472458220606,0.6356600563199717,0.6124178055926396,0.3892895367943707,3.7882949341728835
0,7.4742659914070675,0.5014199095948133,0.5959321396359607,0.2988122395809071,6.303728396138576
1,4.689231234212688,0.4565041573465344,0.551784632131544,0.25189197852797796,10.729467909474355
0,2.1892958790004053,0.4493739900571819,0.7321252433016687,0.328998041804056,6.231143054879652
0,4.430394118869801,0.6122899398397474,0.42876770742891845,0.26253015378687894,43.083501859597405
0,4.050518204803422,0.26982152375811436,0.41937589036056744,0.11315664176450421,167.22813055042283
1,4.78933056370416,0.7489310396228748,0.6592634127314941,0.49374283308232225,1.1117022375848382
0,5.858151280854226,0.5048471096884954,0.47866886792317104,0.24165459446887708,81.91024045945196
0,4.168501730496181,0.40817538139603776,0.4434382819318297,0.1810005898531283,15.056463571657373
0,5.7501019151748425,0.5586508639875488,0.3368488165491716,0.18818088239837805,11.316779926731561
0,2.2577751859494235,0.3015025746969966,0.6213796229887395,0.187347556195354,6.167575719309138
0,1.6822098174903166,0.46224084061496357,0.5238402521750507,0.24214035851334995,19.26892774866039
1,5.16771298674637,0.7272494298250517,0.7904373187080198,0.5748450893428501,0.07546642894718616
0,5.236099828920906,0.4840701642817056,0.38945489252812726,0.18852349380640454,5.008691668146778
0,4.559065592177038,0.35278516612868904,0.680806140320569,0.2401783073144235,13.610414095733747
0,3.534801597577437,0.41511066815586334,0.7471003023493356,0.3101293056876802,6.925502162689838
0,4.081646800878065,0.4818857026327902,0.30170999458067826,0.14538973272984546,57.59064989558809
1,4.352864932628352,0.7525119594317675,0.43174954030483603,0.324896692558557,5.460888645555509
0,4.199784075417865,0.2735167164944595,0.5945864605138922,0.1626293363518224,56.113680966435936
0,2.9932546235834825,0.45596667942871755,0.3278520231019001,0.14948959831776057,52.16147743141381
1,6.607186366760736,0.4400036987030343,0.32240693579930435,0.14186024423920562,4.295598843318712
0,4.154788106122982,0.5112656838706942,0.5695891049402944,0.29121136326259617,86.09941007436649
0,6.239065353444212,0.2970240486159984,0.7821390123961915,0.2323140960424354,3.9307007796698
0,7.484817511360784,0.3939976625197224,0.490564063749808,0.19328109443360045,74.47267033839653
0,2.2303810228993766,0.43094987995747447,0.4393102145411081,0.18932068422058287,26.651474763342506
0,2.145757083831675,0.7815791034047392,0.5231266440366922,0.40886485341332807,39.133401620836175
0,6.211985073119417,0.5845900774166479,0.24314929259049106,0.14214266377927834,18.36588478549446
0,4.735502459455725,0.6407590240713117,0.5313009077741723,0.3404358511535806,188.7882030340965
0,2.3849782714203056,0.6578429535598698,0.5906657901862906,0.38856532798292376,7.42286725661871
0,6.08780263533785,0.2118696784394351,0.4380661910146112,0.09281294302545383,2.5446366518983425
0,6.54772267771376,0.3992982342154646,0.4371127285788206,0.17453834067462673,34.16334627230555
0,3.621697456891723,0.425992459950743,0.5307111419832714,0.2260789448967218,3.050041614464323
0,2.838327389259976,0.3221310613481264,0.4366965012733363,0.14067350744219326,21.87692459901079
0,2.8129047550664925,0.3709239964794704,0.6197675962628592,0.22988667369429458,116.65282624350526
1,5.656814495182379,0.667670947541315,0.7680026183849401,0.5127730359312839,10.8759863299783
0,3.2147193915684134,0.3272053580638029,0.48646175189412,0.1591728917128604,26.170754987011936
0,6.7945724997278045,0.4506296733592311,0.36325556200352815,0.16369373525157382,35.649863652480434
0,3.422886916006764,0.4367011607831611,0.528422774028069,0.2307628388023158,9.043681437207033
1,5.621618008264147,0.6487713486394608,0.4607479695731068,0.2989200816028378,10.300256110804906
0,3.298563273235953,0.3709517621325148,0.634437114972301,0.23534556576124396,24.08624707371343
0,2.0211596766542606,0.3907570373664549,0.5928567545001536,0.2316629489711717,29.115776269681803
0,3.7689006129765117,0.1,0.35357759640323755,0.035357759640323755,6.712583755074802
0,4.2273644879497905,0.536248471093902,0.6112533493712049,0.3277836740513353,6.063872913217673
0,7.372523770768279,0.3001216137022038,0.3632786241813629,0.10902776691282708,48.30780574298964
0,3.069456965379616,0.6861393954663139,0.39813994818585496,0.273179503359232,24.41984119911394
1,5.2244349986285386,0.6295507625872643,0.5916207619002561,0.37245530181676456,0.11180970745302353
0,3.2615908245076746,0.35345069951120633,0.48654925447432984,0.17197117434060782,15.527910362923684
0,3.1819070081726846,0.40978474665259085,0.31373157555392717,0.12856241420528422,19.97621079764211
0,4.07794868791707,0.5135930706182424,0.7424492126413619,0.38131677089857346,12.461232348994978
0,1.9436250501686272,0.7090657999340727,0.35438067767512427,0.2512792186968908,138.7858433922552
0,5.911330093310953,0.5025367901580194,0.5154647790599354,0.2590400155082926,154.01782192713017
0,3.821556959339345,0.7116504181248609,0.23813712045523255,0.1694703813430166,10.87904575227534
1,5.196759147571278,0.4708490811122731,0.5243041927454725,0.24686814737751783,16.95175051406734
1,5.202215299769837,0.885685516267747,0.7475347861958468,0.6620807330399685,6.073070891138221
0,6.3158265330353265,0.22580513474579605,0.3953100552494468,0.08926304029196941,23.5043022137657
1,6.997529670188919,0.5535878012414994,0.6565712714673776,0.36346984652996117,0.5955417862594677
0,2.6672010267467847,0.548063950182896,0.500858313927067,0.27450238601281335,42.03729596216667
1,6.087569485618303,0.6099876548619299,0.7684580959124924,0.4687499517853252,21.491401279460334
0,4.754543961898646,0.4758998566117147,0.5263561757210032,0.2504928285523159,44.41088498298371
0,2.8483088134320074,0.3675703158950716,0.5016020053307078,0.18437400755300964,12.023619966666853
1,5.88790270915576,0.5109544185499203,0.6701722922548062,0.34242749391732175,32.56604635045254
0,1.9186841256656628,0.489632420282046,0.25947320957589204,0.12704649560299458,23.59642590597369
0,1.8072835500421023,0.6319042177583887,0.317441808514046,0.20059281769287646,3.688426694107993
0,2.274960324745024,0.49479271287186494,0.6437856982010017,0.31854047212098135,35.08670590908641
0,6.471658943334705,0.4239471660311287,0.43602846505842796,0.18485303207042356,20.200475571499098
1,4.7720239850755295,0.6936210883398614,0.4816151169441688,0.33405840157574396,28.03285014326454
0,2.5240001260709994,0.5008234034836327,0.22697288702144908,0.11367333377658818,45.49595784649701
0,6.53022480181425,0.6014699977598046,0.27712747913550617,0.16668386425481319,43.13294021199131
0,2.32249839766639,0.6752659815528095,0.6872947612140684,0.4641067715473217,10.582487347814792
0,3.7665783154773322,0.7195604957103225,0.5697770698178505,0.40998907080250757,84.48827084070052
0,3.753093591928628,0.3685414198561916,0.384617948334158,0.14174764478124594,11.664892336587203
0,2.4304144589481775,0.45775278895450855,0.4809612395323883,0.22016134877496818,3.0093696857255225
0,7.385059352121596,0.22298316829327064,0.41280258655112667,0.0920480286288273,37.87907237790031
0,3.3099066366687806,0.5184282249813315,0.48056000879026206,0.2491358723541486,49.784001453262235
1,7.32194624356618,0.5186915923167831,0.5849382690521986,0.30340256218170775,8.252514257568185
0,2.9357357741640584,0.4855457024723719,0.4274699130954621,0.20755617923973993,80.92265055330176
0,1.5130295819727486,0.3953867590209412,0.6099144178488992,0.24115208495342036,6.550137459799857
0,2.7956681098718876,0.5210950179438599,0.6870391542972404,0.35801268043665485,2.4902151410516855
1,6.960401161643263,0.6445743502837862,0.4289994250195359,0.27652202565408524,29.72725209533873
0,1.6846983059091787,0.6448477931862604,0.6366774152669896,0.41056002620645055,69.71464669647081
1,6.245919581681583,0.5454323794401105,0.541875164426824,0.2955562602928237,5.068189311851202
0,6.4516675207574,0.4818751179436213,0.3833114832010651,0.18470826617665767,48.765976306679406
0,3.2087379920431105,0.7869229319885276,0.4635793576101416,0.36480122729993075,28.84411803502774
1,6.889519058044458,0.6494715400093225,0.3253526268438368,0.21130727160234514,13.73649625538725
0,5.930466586850537,0.2866748054603944,0.5280923267793194,0.15139076504458843,52.46514747214711
0,5.963241815367296,0.5940311714203236,0.4268697378726255,0.2535739304323622,14.06988984787456
0,4.808385773271457,0.4855873654186648,0.5597212009143615,0.271793543320976,24.117746911233855
0,6.887510421283555,0.3811833433291085,0.3970484468465828,0.15134825443261027,4.5481392708379
0,3.6508364082859064,0.6090164046106203,0.17792253584334977,0.1083577430785211,8.842984335589643
0,5.872934325956349,0.5030275621738712,0.3786635917075335,0.1904782234206427,49.14635403235711
0,4.52968781345175,0.4148973256030106,0.5703259653247479,0.23662671773519328,72.32825613650556
0,3.7816367511693034,0.5228828396200207,0.6833336261316573,0.3573034268395665,23.573870120434954
0,4.1433323391267,0.3679394227729196,0.8538315913323233,0.31415830286009844,17.24158732407045
0,4.030545940775566,0.498305237576972,0.28472512458728994,0.14188002085160245,34.88486444205411
0,6.696645478824213,0.17331439134520904,0.24692010290481547,0.042794807345844475,40.69176050332882
1,6.5179884802960455,0.714047401538379,0.7205175548852091,0.5144836878285699,12.4716384038029
1,4.5190288350787,0.5251208670136434,0.8554927175696168,0.4492370775740151,6.757329235302151
0,1.7975043224576444,0.5081430909896908,0.4156926143741631,0.2112313299696728,68.61309572019798
0,7.42769996451219,0.4067468754522825,0.21329024697679194,0.08675514152225576,125.11910274410994
0,6.123474059682666,0.6053065963930383,0.3916403790377842,0.23706250484544059,135.45017189837006
1,3.29541846335141,0.5494494219558673,0.8995482640160664,0.4942562736850316,4.876301972149047
1,5.311890949224706,0.6196353757717308,0.46229560863365426,0.2864547131733354,5.59010476735149
0,6.719604475900109,0.5993757700382677,0.4120688311727191,0.24698407299291744,199.79671262580263
0,6.270556821093258,0.6339855611354461,0.4666138174782725,0.29582642290751526,19.780333566322316
0,1.8400422522495317,0.4582357920200509,0.5426476949599812,0.24866059628784196,1.315679560278236
0,2.296839758760113,0.2779415075598721,0.13417819400594327,0.037293689523672874,93.41681058416901
0,6.117146485269746,0.6280484320480304,0.4308130661386172,0.27057147069416293,8.595469375442718
0,7.346873894478557,0.4320754971688711,0.4770149957111192,0.20610649142888876,25.310757450416034
0,1.9682941868080879,0.4902772793519505,0.48208090752688476,0.2363533157698003,38.35226561170302
1,6.809973978048437,0.772878811115536,0.5402136811747027,0.41751970765465146,13.950235779679456
1,3.856994464160765,0.45424310776749716,0.9,0.40881879699074747,6.741818073605401
0,2.6211040335066826,0.36175928894846426,0.6017391743095761,0.21768473583066825,9.773784283672981
0,6.044894423816137,0.5973650684311189,0.3540361123189637,0.21148880646250506,14.157791400009625
0,5.3204519377808985,0.5522292069167255,0.5279538442529482,0.29155153270044204,4.5715407790825395
0,1.881916678505374,0.28185008559954405,0.6069677450380149,0.17107391089512672,103.36542044005951
0,2.3474700553355783,0.5623587103683032,0.6856611554100249,0.38558752310602235,219.8530895026928
1,3.566293418366187,0.7554642309993501,0.5822700081223698,0.4398841639201515,2.107580760798043
0,1.5396232100136187,0.4570597463809145,0.7852270287207501,0.3588956665985451,8.939625922053963
0,4.41151846949178,0.24169796520097314,0.38987505945671824,0.09423200855329722,43.28692089698636
0,3.9058363194121046,0.4867727854370533,0.4713466113743825,0.22943870292502444,28.958096697755483
1,6.661999606115139,0.6022220808255945,0.653560368658874,0.3935884851588897,0.8369869609506013
0,6.643797419273948,0.21800128704741512,0.4870547149290953,0.10617855471705465,225.83415700027305
1,4.501929042492417,0.8184469373480521,0.6114104034564924,0.5004069721717032,5.603130923649855
1,5.86279668471275,0.45011400012023667,0.44314477199270097,0.19946566595400486,15.927468990623169
0,7.187457318712816,0.3777391154540193,0.2725924744909142,0.10296884019362025,14.36022119554101
1,6.6266565778356314,0.5555588859236693,0.6286136466280611,0.34923189719710074,22.30760425016426
0,6.5431735305924095,0.6053289291268867,0.36966133646118365,0.22376670093966208,21.03906834450234
0,5.6616964073310125,0.2908730143415059,0.6699587274472978,0.1948729145369949,21.08420444447458
0,5.850894065546008,0.6361573803317825,0.2623583848690333,0.16690122282636177,43.28690624670208
1,5.166126762269118,0.6846739091326868,0.5817967918482337,0.39834108379558625,6.617173350010811
0,4.662386466703278,0.41838295827792277,0.4341715222331384,0.18164996587192936,226.68836901714752
0,1.899385684177236,0.6027956788591293,0.5693261724698897,0.34318735662625693,37.82337433308428
0,4.503270856412298,0.4816792610798147,0.6605423130199232,0.3181695332473882,104.57490394921052
0,1.6364077316059458,0.2886560681705541,0.42118837786422736,0.12157858111342151,41.42948373419905
0,4.476839360445323,0.5815982378430531,0.5428382997154235,0.3157137985482094,17.564779155402054
0,5.8896818531115205,0.233312413201065,0.5394391832980262,0.12585785763047413,110.56231109763912
0,7.305756899483362,0.35967292818676266,0.6373130873343977,0.22922426429330883,12.4005144440574
0,5.869095967992511,0.5217692069838475,0.3845235868248186,0.20063256696417023,23.401999878890027
0,2.3125330942062865,0.4269508683456543,0.4279794589457552,0.18272620163099348,18.95934404009721
1,7.203841676139634,0.6502581276940177,0.5152062305556662,0.3350170388574199,11.426460526088496
0,4.064993594347195,0.29122110324571227,0.33219806473031666,0.09674308690685335,14.13702802911487
0,1.9920646203870724,0.2667432947172325,0.3865728891343946,0.10311572609606787,49.58886998398296
1,7.293300164524139,0.5378687379193219,0.5408505184144334,0.29090658574258227,0.9625136828255338
0,2.8470289427129467,0.26097851622683055,0.4080721290369391,0.10649805874958411,5.095865213113447
0,2.191487540782811,0.36661599569903125,0.542508384976178,0.19889225173311487,39.83972344391486
1,7.466501867561278,0.545742512636079,0.6868245934676243,0.37482937937927474,23.315250084543205
0,6.416637428916456,0.6737494584452279,0.2716310009423187,0.1830112397818224,1.1230518619238221
0,4.6500961759177,0.4963981801972347,0.4736333020172459,0.23511070920216812,40.67089070180991
0,2.6121038507105445,0.3171272235321725,0.6334877286577926,0.200896204530948,62.8742667273653
0,4.947783114314607,0.4513559636665796,0.6648675957132104,0.3000919543738179,140.98930646790262
0,5.119066120335819,0.4075159212352319,0.6061244700537612,0.24700537179717524,1.2186010181266609
0,5.189530923932171,0.2995997168651973,0.512446719421597,0.15352889204720968,53.61409223751537
0,2.0859071109330536,0.1,0.6199429632428901,0.06199429632428902,51.96948935339995
0,4.1242113978035695,0.7668979476865314,0.6662940321784749,0.5109795258334562,32.3391973630651
0,6.931812128551021,0.24411293030701597,0.4397057858858751,0.10733786786555032,21.58118583181556
0,1.7384723000994384,0.20784571254568007,0.44420447970155746,0.09232599659955329,1.4266670664934746
1,5.705853312246506,0.709055939111615,0.5991311812096121,0.4248175223436327,0.9072472935207238
0,3.3188414481945028,0.5000486661288513,0.49890701803484155,0.2494777888906453,7.76709356808999
0,5.151219086777343,0.5577548895669552,0.40803369469327,0.22758278832324152,139.1486219438179
0,2.8997055885230925,0.719335529693073,0.48904008725512715,0.35178391020681354,8.473148098055553
1,5.152172231298075,0.47189322610427836,0.46669618144101815,0.2202307666707497,9.736611025293273
1,6.064108767550934,0.6048801110962518,0.37916641010475227,0.22935022026812954,1.0758137114794308
1,6.401035412338215,0.6405264647122788,0.36010247327074957,0.2306551641382611,11.518026570444864
0,4.806351244102206,0.21568779483207967,0.5662314757621397,0.12212921837165008,5.516826238665327
0,2.778836674868165,0.46938305934610813,0.4913401117367828,0.23062672482646973,49.29212059203692
0,6.186508245891521,0.34154203841753794,0.3454478091276727,0.1179849488963379,14.788507934391241
0,5.7475249997070605,0.5583898823820016,0.20580696982430519,0.11492052967358993,2.4224472264115926
0,6.8916708141025,0.26777735755023163,0.5453745871827119,0.14603896583083503,62.319924352188075
0,5.7911601331103375,0.24324004733504745,0.35889281240436144,0.08729710467744518,23.548877408538964
0,2.8778274258631087,0.41759261348590393,0.5349423384461109,0.22338796917597242,44.60871434041146
0,4.21518204405008,0.3608401656730904,0.4498373678709468,0.16231939034849935,33.80569309909656
0,1.8089454132817064,0.5290076260567914,0.36325914285994465,0.19216685680776416,43.762993850238125
1,3.604802230760852,0.5137569761799171,0.48073715542121637,0.24698206730653896,23.70011696805245
0,4.998999789726747,0.18255442693132146,0.6578686158526577,0.12009682816308358,23.667771379129302
0,2.673584566983644,0.5096954657995495,0.39768706726969405,0.20269929499448347,24.151999126412914
0,5.613873842014563,0.22886149057646205,0.5946786806005548,0.13609904925628677,66.76769228550722
0,5.208067677780433,0.4995211843421003,0.34305574247907655,0.1713636107785069,8.274817670919498
0,2.438131639986985,0.7110089556777146,0.38146616512786063,0.2712258596939428,16.999183274734527
0,5.561481733812384,0.36855118605887427,0.4387590975316933,0.16170518578942686,6.818084745429854
1,6.160518388655589,0.4970960508055056,0.5375715901323186,0.2672247144800115,12.552289536692484
0,3.303879590845038,0.4460769753614651,0.4488324228326256,0.2002138096213358,112.07954242918558
1,5.6382887838866385,0.5168314769162973,0.4724057601673029,0.24415416673103327,13.098890131376177
0,2.905279557280145,0.6655789475087996,0.5450510128959211,0.3627744795018723,20.616749601877
0,6.770681120782394,0.1,0.83467132898869,0.083467132898869,9.252946611532956
0,4.021087469170205,0.5035204378927699,0.42703516621085713,0.21502093388610255,64.73133982511585
0,5.510845707331766,0.6428242645671072,0.5784117021158947,0.37181707702965866,47.12411421951445
0,1.8678153567332672,0.5117843700135066,0.656729893529403,0.3361040948289828,13.465341038331495
0,1.8642396444283627,0.531590509476163,0.8186909257677109,0.435208326332369,45.875107862813564
0,3.5637357790110458,0.5309953716709233,0.4590405422564926,0.24374840334750844,42.34499583171566
0,2.762231019123376,0.31493236936414326,0.43473160778481124,0.13691105527715403,2.218417400609675
0,2.8083373775937357,0.39873221746362575,0.5933829850294914,0.23660091342599454,19.321369470012165
0,4.88647078097087,0.41073714520114923,0.5042425935121098,0.2071111633479875,22.05080285077226
1,4.263557398163104,0.5147873755316725,0.4965203402644528,0.2556024028628307,10.137928900955975
0,5.498665884294391,0.3610752276987451,0.512571966620388,0.18507703955945015,46.266641605689856
0,6.674700516664377,0.4533919837745596,0.6262825406061452,0.28395148348879135,7.284686423931376
0,6.712971165833021,0.5919836039706347,0.4588126354385269,0.2716095574741641,99.70137961269215
0,6.048100786868856,0.5135200869170582,0.4417162361496406,0.22683015998023925,40.479507666558156
0,4.95914997027945,0.3482902191375356,0.5070965321776517,0.17661676231603868,31.34711977440191
0,2.0381695097912385,0.7027918121205444,0.3680051265296007,0.25863098974338833,16.400725695045033
0,4.111216384824495,0.5230700407701828,0.5983213368721837,0.3129639660714034,95.61329607095485
1,6.903670755797504,0.684280893411447,0.5321268183471644,0.3641242146667884,27.04394312095125
0,2.138880823293257,0.4640873485795364,0.5003041512238525,0.23218482702481313,13.34594579694565
0,4.830234464150723,0.31478125055263206,0.31680159276506514,0.09972320154765288,21.842610877896227
0,2.588134605891841,0.6101503196792357,0.4540957801612267,0.27706668543036445,57.67093137904338
0,6.639096162115876,0.3232728478616379,0.5728452127888466,0.1851853033221564,7.14530403388623
0,1.8250057362525098,0.49726403887753967,0.5672642046111029,0.2820800894955721,10.882571323052183
1,6.4586417328559325,0.5822893908330791,0.5428547045882427,0.3160985352455589,20.739620932489423
1,2.9727201849336984,0.4176650330442254,0.9,0.37589852973980287,8.27107452771505
0,4.759602326322256,0.5164112437168992,0.5997927831192902,0.309739737103053,53.44255240595214
0,2.2167353248371002,0.4529272774829832,0.5051831701423077,0.22881123788277813,26.282082714305513
0,4.714660251791582,0.1,0.5411074087207355,0.05411074087207355,90.26982981377537
1,4.2909612134042066,0.7930857241759433,0.5409526624149074,0.42902183401623134,12.65966321140441
0,2.6854049604002617,0.580021467938829,0.4705975708225022,0.2729566938369148,32.86103812185569
0,3.744129092783621,0.549107939009514,0.4732098904873009,0.2598433076843996,7.539746484411821
1,6.509504288861168,0.562935993463399,0.6402886541117723,0.36044152960575315,7.2719670582495475
0,4.17722258207195,0.35168083782219783,0.3078113886974664,0.10825136706833917,19.157066817409504
0,4.382236803841117,0.4824730012270289,0.5640748277691943,0.27215087507042257,34.7228673193788
1,6.445180896229549,0.6432863725428555,0.37947605990400946,0.24411177804250556,1.4137838042834692
1,7.08882715166231,0.6852354815722056,0.6596370687764632,0.4520067244859179,19.254569571735367
0,3.9681370040035393,0.47030536342421275,0.48791586497397677,0.22946944819702525,5.271311937664819
0,1.5332372126868836,0.6856611476573634,0.8546620142456572,0.5860085375468312,106.6480428474175
0,2.5288606224932124,0.6151095630416428,0.7540762536818618,0.463839514902329,40.94964367258665
0,1.8652079636400272,0.6338110925346327,0.5544997514390724,0.35144809326978077,4.128179305321837
0,2.4310489909920694,0.44364062228157397,0.2527068941006416,0.11211104375365247,276.31100931221374
0,7.352815342154754,0.5612027503862442,0.6459058641513639,0.36248414745234925,10.543663219856303
0,2.2146455877687687,0.4991141732113636,0.42375669935658483,0.21150297464213821,30.416050450253778
0,1.555882366069965,0.742892806915401,0.6987894002851377,0.5191256190205557,126.5365647549093
1,2.710416939944606,0.5357798121339018,0.6931380383329804,0.37136936796090547,7.3232307034121815
0,2.2009598660948306,0.71293490029513,0.4711197505219872,0.33587771236545944,7.427052652633474
1,4.864840109342348,0.7404754944827046,0.7217651123501991,0.5344493784678785,14.945190595418874
0,6.450068312175259,0.384080278137882,0.41713699988270286,0.16021409493655017,3.3627396773433524
0,2.4058600732225575,0.5491239493027475,0.3339813717974889,0.18339716987498636,25.55687558651362
0,2.6380523414825836,0.6772812094659741,0.6254515447179839,0.42360657866895796,7.530641253782515
0,2.2479440464982723,0.34392210564506975,0.47456710577050676,0.16321411828647922,3.441839802430705
0,5.060824810795417,0.29105571274021713,0.5659531231638866,0.16472388964001689,15.51829608056378
0,2.0507369924233414,0.5194866471856581,0.8032649387226498,0.41728540981882245,115.9188271661088
1,5.327387294449866,0.5258419583068972,0.6332878559048525,0.33300932632098373,4.323579776401029
0,3.6271463383546845,0.4618745254818637,0.1869832627475499,0.08636280575457525,25.136953900379293
1,4.851331987259671,0.6435199991039251,0.5582233042299241,0.3592278602378308,0.6029965360234181
0,4.33124264699655,0.5621898999643131,0.5431496128938469,0.30535322653844715,53.4796815524044
0,4.253539002416042,0.22894894488526368,0.5620284873631526,0.12867582917725454,19.613087023709713
0,2.1893230951136884,0.41474455824605816,0.5529371267614128,0.2293276643765068,21.837788292519612
0,2.4125933156351684,0.7795880336670942,0.7517759758425528,0.5860755547652566,17.04417806696204
0,6.094376773511464,0.6390709257509928,0.44770010518096515,0.28611212067681624,22.283168844052724
0,6.205166500307512,0.573484876437606,0.26520519164602474,0.15209116656173213,11.950129770579867
0,6.724345892064012,0.5065784035359541,0.4066770048506682,0.20601378787203495,3.0452509861262786
0,1.973422378465382,0.6334611870061503,0.6376500736285929,0.4039265725353276,131.375637537831
0,3.3270487275333718,0.4948016177656926,0.3463576353860275,0.17137831831450628,18.096108991020948
0,4.508010590398671,0.4371221481369648,0.4798533177345931,0.20975451303879486,140.66137619791076
0,6.52178378058511,0.4138561621099164,0.2401829832903657,0.09940120766866092,50.32069828419366
0,4.097204690787129,0.6320035829590355,0.3276232824071767,0.2070590883421356,56.148282870457976
1,5.9900592597951,0.4377307567513514,0.6910390300752425,0.3024890375795558,5.362061941848957
0,1.8844176253042817,0.6962692340249764,0.5121898201084287,0.35662201372228614,5.492179951566827
0,2.194270949662747,0.3052974314070094,0.5059610928040994,0.15446862202497505,65.82677216519511
1,6.611517584838623,0.5622663183975761,0.7011496493349187,0.39423283197729625,13.009250005578057
1,6.7974282096222955,0.7579433172231135,0.507229281843855,0.384451044473429,10.397576927467973
1,6.397090407715172,0.6837195650406009,0.45615109543160204,0.3118794285612886,17.206314357401155
1,6.780420822375812,0.4944631077119921,0.5708052282496398,0.2822421270585698,23.372942143188563
0,4.563828170009207,0.7121217624931265,0.1649158020415739,0.11744013161281316,38.76475544426911
0,2.3742032689711197,0.7402557445949494,0.6162001686697942,0.4561457146781919,58.381801806596094
1,2.3892019936785314,0.6598891896819281,0.4172554298437908,0.27534234749000375,2.2830453003581015
0,5.054944341484502,0.45900906355835003,0.6811898250902473,0.31267230372015065,3.3013313371804425
0,4.941921379045164,0.5806168153086239,0.4528633237917353,0.26294006083003546,33.23091389236148
1,3.1250704756297916,0.5188293383803888,0.7539369500543289,0.3911646089772157,4.330481698402117
0,5.085867269063127,0.31314268637241494,0.6421410216285284,0.20108176454268437,49.79069992687917
0,1.667943643500709,0.4199286249823584,0.5526570477375242,0.23207651414322814,17.263176636068057
1,6.670252425881502,0.48616627464660306,0.5992137925964821,0.29131753726349396,5.016219863197571
0,3.908334166080377,0.45415273945423373,0.41985308359225426,0.19067742808172966,2.5825465220333816
0,4.984480955781154,0.6741518360457744,0.4140950851643904,0.2791629619611051,16.660746803077753
0,5.920100638627647,0.5903959449209004,0.3084607812608876,0.1821139944235609,16.700048572443713
1,6.1188324709534765,0.439586963550985,0.44029910845215875,0.1935497481386903,5.95420154352568
0,1.7448012584847794,0.41758764445667057,0.15276701103993046,0.06379361629085074,72.11776296170103
0,6.977143513901444,0.34876083294756277,0.6075185973356171,0.2118786920379048,46.91546602898622
0,2.448486094044296,0.6108365615940237,0.34780560497803537,0.21245237984791238,30.18591822898966
0,5.683965527457517,0.7349725411565273,0.5046829430932634,0.3709281051636109,27.952024893596217
0,3.2815959159076247,0.3963365758921188,0.2925952280165983,0.11596619079447232,1.7637668554138528
0,6.925013916549561,0.39803198800604894,0.47034495224820233,0.18721233639196214,2.0678728281649943
0,2.1211393910990113,0.5804112387997867,0.10725169128757811,0.0622500870035955,46.65403590354632
0,4.394039417478298,0.612630069877223,0.305761368577682,0.18731860859750066,0.7152814392919231
0,7.071108557466713,0.6760914896659965,0.225459534203431,0.15243127233899936,25.61825167606459
0,4.646892728109572,0.43952841314417695,0.5173365282252362,0.22738410331235578,38.677432011682605
0,5.746593904500467,0.4625495120115802,0.30754152530845985,0.14225318245472515,11.819477849701233
0,2.0946884626521456,0.49315035524915946,0.5009669926557951,0.24705205039630843,4.797861143883858
0,1.8063533025648868,0.21178893600155535,0.5617149099062024,0.11896500310524413,62.684461720952925
0,6.1804199983854655,0.3528390873853928,0.3879250343579687,0.13687511509681283,35.615770613219695
0,1.5847835890856965,0.47397548422835,0.44638226859133084,0.21157425190652543,10.673455577246038
1,6.928475467365443,0.49582786737915635,0.6279746948861444,0.3113673537334734,6.3861357441611855
0,3.963928680585469,0.4584566466562516,0.7771765894541862,0.35630177306090854,38.51884344933492
0,2.856322472509078,0.7756927864885492,0.3969900766658391,0.3079423387772275,66.88337371187086
0,1.9107776446274436,0.39406670331953014,0.70618121354756,0.2782825027688721,1.3497707659489675
0,2.230220176941442,0.5463320276980163,0.8899736688237936,0.48622111908634597,52.52517327996414
0,2.6862134093858763,0.33426865642915315,0.28237740164998115,0.09438991465549454,13.692733172850353
1,6.8599922281659005,0.6262484206441661,0.39601017686522866,0.2480007478208663,17.692469980274698
0,4.6446364394709985,0.5462242901611386,0.6823434598361443,0.37271257199509333,18.04488236073436
0,1.6140001104645083,0.4774144106197717,0.7257637626791298,0.3464900790086446,27.748844012665096
1,6.979171766610856,0.3818163853637039,0.7002854618324847,0.2673804637596313,3.020094040730256
1,7.2630650182542364,0.7733952630407669,0.5026172065578318,0.3887217666746098,7.58583220181725
0,6.476169224239824,0.3528177927771635,0.5705324937497641,0.2012940151524426,7.644604303549693
1,7.345550647179673,0.7648757927371195,0.6698551769942123,0.5123560095225116,3.949183811654854
0,4.687850863077236,0.37284230415375136,0.47845278795385987,0.1783874398895033,43.25823323439486
0,1.9861619950698115,0.40036194161623057,0.38272435433854807,0.1532282656067993,17.66518309546833
0,6.55367066808777,0.7227199760988036,0.40668550693739974,0.2939197398535274,10.159384251716872
0,2.904505866849171,0.2083810408250164,0.3906309887453931,0.08140009201327028,41.80749628954379
0,4.246442285396442,0.6026439253145933,0.353193384795644,0.2128498478083945,94.0430024618754
0,4.520356283942013,0.6073198474465944,0.4466107369706186,0.2712355646450072,110.0115145227212
1,6.2735971550978915,0.5985783439999735,0.5475783329736478,0.3277685317616321,19.348499729885173
1,7.429943347531066,0.6885720222113151,0.5813127235983266,0.40027567762526706,1.6253133864866356
1,7.461029367709789,0.3299118480459496,0.4114467638189847,0.13574116222404659,13.493763711619032
0,2.4552373229367888,0.6777683671159646,0.39179729503028315,0.26554781289312684,198.04817717629635
1,6.881677815268972,0.5676705452211728,0.4839327758639351,0.27471438272507565,6.119359548429851
0,6.21102640928707,0.2969782654295788,0.5229686441604302,0.15531032081682317,2.8371990598871566
0,2.058951425193489,0.5217276130154282,0.5800130346528239,0.3026088160872527,10.569052762004159
1,6.417350678968782,0.6452205725948685,0.30750201038758795,0.19840662321635272,4.3362084212404906
0,5.112149631072809,0.2112069596177118,0.5931667981465486,0.1252809559827055,1.702006875637487
1,4.183372386814302,0.5788800120262414,0.691169935931436,0.4001044608241662,1.4946642837090962
1,4.7196731515527395,0.7115211084118829,0.7022755374136702,0.49968386879112536,13.247993619415322
0,2.1795868719068867,0.4383255577190333,0.5244466948890576,0.22987839003114988,36.7253006943968
0,4.896867201867716,0.486497655216456,0.5413452408150348,0.2633631903191021,16.600312992183884
0,5.074670557924842,0.5049625604756771,0.4604887371623788,0.2325295717877259,10.010031128199671
0,4.663410460114621,0.778990392596927,0.25899500661869296,0.20175462188653934,30.422961382363326
0,6.036196271091745,0.33967867949870234,0.5405145282811096,0.1836012612163913,148.06788741931675
0,4.261010220178552,0.22998776954756917,0.38826599197582395,0.08929642948569413,120.77742788434406
1,3.7475141827509315,0.5628435690163267,0.6720946917361751,0.3782841750137167,6.041251703215316
1,6.306992374354341,0.4693369265693013,0.525446629374352,0.24661150610675714,2.5975308223770903
0,2.3126341769901377,0.29201498662174336,0.7155203011128658,0.2089426511570593,11.440759856618481
0,5.914866815595761,0.5768881152929937,0.27665571419775337,0.15959939354857905,6.707710970531951
0,1.745505649749753,0.489611473460152,0.40508208801973344,0.19833283798765666,52.43515634358212
0,5.301661267933909,0.1,0.8134868204030545,0.08134868204030546,24.354527162367944
1,5.369291740470931,0.6978271427749185,0.6716779862324165,0.46871512999737824,13.875237822251487
0,7.083104630707301,0.347134893724714,0.4571108047913971,0.1586791106416801,120.5952899134684
0,6.347196976799506,0.6449397731171816,0.4474734613121213,0.28859343261459947,28.758454120205926
0,4.154969256823459,0.3445929617026098,0.42410838826869673,0.14614476559643058,59.24284000461653
1,6.6933428396533055,0.5757890321230096,0.7980083306919217,0.45948444435520014,19.471790137876205
0,6.143456796212638,0.6305255269904679,0.254871907881995,0.1607032440323609,27.07167506388181
0,4.942998814920375,0.44869695425994927,0.6298422204520088,0.28260828598113985,41.19555828835405
1,6.313981419033251,0.6286104153318928,0.5346477668974762,0.3360851548056915,0.9958151627396079
0,2.2139954066219243,0.5382011461200422,0.4357645906319873,0.23452900211666658,18.63763521032434
1,7.410710212042886,0.460718649918336,0.4890422383742432,0.22531087981682238,24.66910944830257
0,4.9424540750067205,0.5004672900871023,0.5922427646367276,0.2963981314914366,17.923654913835026
0,5.60646579165755,0.3256091155900448,0.38481410906629254,0.12529898171964654,11.628004718994248
1,5.288192457051807,0.5268610044787853,0.3542854032321262,0.18665916341904948,21.600143713104064
1,5.5820108152375845,0.5076597219878028,0.6800802478208181,0.3452493495381126,6.9138710274531645
0,5.628532102204493,0.2259699504916698,0.5135593644106476,0.11604898415040746,79.47344272418584
1,4.406474968985108,0.5657213366101146,0.5288716206343411,0.29919396012041694,5.47168361565228
0,6.246077979990822,0.6175892423064953,0.3819454212254609,0.23588538329706757,137.606832021046
1,5.519439212013486,0.542816548534444,0.3897376128381836,0.21155602583487626,3.834817764688231
0,6.5163797750515995,0.1492233704714339,0.12072660062264029,0.018015230250469097,24.453470919651544
1,6.577435031224681,0.5519440001795161,0.5228053590125469,0.28855928116867313,1.0824179360742712
0,2.2367618864192793,0.7371162350098288,0.6939822977448876,0.5115456184771816,31.394556999710893
0,4.8643161858609165,0.2412272460352602,0.5217288718626801,0.12585521893651747,111.6350767413881
0,3.518306169007669,0.7155684337574036,0.5907393572839372,0.4227144366505222,45.49414373070444
0,2.8594316162370603,0.8394752392230318,0.5337437396161206,0.4480646534980385,9.114617053863189
0,3.7363361001282516,0.5648155628929015,0.47340529517786845,0.26738667827236795,53.78975070567929
0,3.0778819757674416,0.47295511222637715,0.6079168252358306,0.28751737030371516,65.2285837474415
0,6.7490541557135835,0.29973255123915044,0.37450641743973645,0.11225176395464646,22.971785319567964
0,7.058787704282071,0.3834687359143606,0.4110832921667752,0.15763759040270706,7.650465497495858
0,6.945457364820848,0.6871985611686456,0.49336986642261005,0.33904306232958453,93.30569179868449
0,4.5274349655250035,0.6373549517379864,0.4243667826543076,0.27047227027784077,36.11702829957575
0,3.0027079477325556,0.6467996141585913,0.48703350828483605,0.3150130852409371,25.323832348737398
1,5.614636364160193,0.39656746251684183,0.6213447918831418,0.24640512746515275,12.583377159861511
0,4.955611669671311,0.5775606176801439,0.6486749880934811,0.3746491267969309,43.80329023336245
0,2.2178980319839674,0.5973470123462943,0.47609773326019594,0.284395558547821,16.55935676400979
0,2.298612517897883,0.2666587473604624,0.542505735965349,0.14466389998838572,34.92244461196465
1,6.004610547611916,0.49055896559686873,0.5245539401683765,0.25732463828876057,19.588290372652985
0,4.555898881251972,0.5824401873106395,0.46049240669051955,0.2682092836079534,10.066162480311458
0,7.1652610351943125,0.5577043098611342,0.14079724471886856,0.0785232301962858,106.59888832321782
0,5.749045556233425,0.5032109788967525,0.41288986477764783,0.20777071303130792,23.080311287429296
0,5.422930790140252,0.13489165234125272,0.1901250510906956,0.025646282293089025,69.70530113625807
1,4.564041534681094,0.6373732883910445,0.47987393287971697,0.30585882661268854,16.65572588227099
0,2.9768119462764657,0.6778568922305608,0.5848074974430688,0.39641579276989025,25.238817518186632
0,7.212656308915778,0.24105022383550784,0.6071128122332302,0.14634467928222478,13.827568413706954
1,2.881505437660458,0.6103542087991939,0.5120217894570002,0.3125146541919748,9.02862307115239
1,6.927354001769497,0.466310540399079,0.6984600127767755,0.3256992660050858,0.9200165742648212
1,5.530793424083177,0.6728413582530418,0.47407061272678636,0.3189743149749427,5.167727119150772
0,5.598301510927219,0.41911535982964604,0.40377836496183445,0.1692297147224054,42.408602465762264
0,4.593683407637169,0.24454252754736677,0.43376398227425517,0.10607374058435756,49.818971915389696
0,6.327695576338785,0.19509844400034604,0.5136588006078547,0.10021403274567646,39.954635111365555
0,1.6618668959356284,0.5245611424259099,0.4063807158710785,0.21317153257719204,67.75609453678142
1,4.63354085027079,0.6155893795421946,0.5916963485109275,0.36424198805722396,0.7571510904686476
0,1.6619289467537341,0.34126052639630045,0.6504828109011767,0.2219841064598807,29.24815988156347
0,3.120204820783468,0.3076041456411325,0.5606165857374978,0.17244798588803173,22.31565352677164
0,4.1356579362863695,0.5255072564092134,0.650597097518151,0.34189349574456096,49.49662995583808
1,4.43548733468981,0.4495278076354789,0.5306310067833093,0.23853339314270797,58.46058975157572
0,4.402620552898345,0.45725556739084483,0.6005104423903078,0.2745867430593074,3.621198311222053
0,5.141701767636845,0.540716650829576,0.31723267271824807,0.1715329883259261,27.32429937815128
1,4.770657689771306,0.6085749837584447,0.5545432965293474,0.33748117767870195,3.9741444232260554
0,3.676119776463988,0.5595732127437152,0.18819302645688396,0.10530777643044155,6.880876434292105
1,6.383889246160024,0.6308386461355919,0.34817343304942583,0.21964125712528096,4.612893715793861
0,1.9461556282776418,0.3872558003976543,0.5180471758315898,0.20061677372040665,33.94772023464329
0,5.476124802105799,0.5947101163476974,0.40236332292832844,0.23928953859275237,84.65857911917297
0,4.632683124902533,0.5113027536200659,0.37954186757983055,0.19406080200766979,130.64144770237732
0,3.765973864118149,0.3629688063716138,0.497598537795614,0.18061274731593435,89.55076933065955
0,3.2637797021302832,0.4863654621796831,0.545997294436173,0.26555422645730575,5.414663248381735
1,5.817715784541204,0.6611265821101351,0.5074096239100617,0.33546199038544816,0.9445046038928717
0,6.058781445354537,0.5068029366045432,0.3381131226149091,0.17135672344576794,10.191051355386216
1,7.271030503531456,0.44350358350274643,0.6697251291708625,0.29702549474911727,1.721642023833524
0,3.72046471223216,0.39318027449088117,0.5959323025877751,0.23430882630944425,7.323057341107358
0,7.362638192604038,0.3210583611929637,0.6605042814916848,0.21206042217665633,55.51177615443223
0,3.0122379698126016,0.5440203583124729,0.3906242022960656,0.21250751849862948,36.035899618155206
1,5.292646811080188,0.5663321036437264,0.6450757995257018,0.36532713455504945,7.814216089653321
1,2.7305102483808463,0.5552219182008078,0.7669489058867294,0.4258268426884407,14.983437639352744
1,2.8292341645194843,0.4090889176167484,0.4957870178411731,0.20282097449708106,17.192832220123805
0,1.6895838109021935,0.5271938721533291,0.5895574789123673,0.3108110901647656,40.23228357496401
1,7.337724696720451,0.5230824833850429,0.6058164969083302,0.3168919976784365,9.434943340863391
0,2.2541404075149005,0.3960865076510921,0.6522393883139962,0.2583432214697753,43.25986836984259
0,4.882672240202067,0.2857291029771589,0.39047748504384505,0.11157078153435483,14.411369096155838
0,2.2298979550183384,0.3741689964691695,0.338808613125844,0.12677167876840814,38.026098623531354
0,6.520496852305476,0.41383410894211714,0.3138351342229881,0.1298756831259,50.569970517738625
1,5.540380853338413,0.6241292963264511,0.723197057956122,0.4513684708875141,2.347097534661824
0,4.163979398715664,0.7529256331524292,0.5199822141248744,0.3915079377979731,98.79407650491535
1,4.21825090199157,0.5086541826780397,0.6760966144988427,0.34389937085929856,4.301172067140599
1,7.108774419908055,0.7782682478041149,0.5154923889374996,0.4011913582947451,4.063077233654285
0,4.395059075785459,0.27393027027874134,0.47883367782190445,0.13116703878431804,1.149113029979039
0,5.27490074675283,0.36305654146830857,0.39499353257348546,0.14340498583847933,9.010525486437356
0,3.693542480266508,0.7387514748756046,0.2954644956121555,0.21827483190685645,18.5383384769338
0,4.272481856332512,0.5745887884812388,0.48625591124914824,0.2793971949364889,12.72067020683756
1,5.04259197699967,0.7763966096378132,0.8202791089766759,0.6368619191662175,5.358410168505517
0,2.7495269012681773,0.4410739848776858,0.49004041481572846,0.21614407851388748,5.883786890587168
0,2.718378870012235,0.7141715772839156,0.528355241657294,0.377336296300614,28.478001033471635
0,5.811384616615928,0.1937293187676256,0.3838268756148131,0.07435851913756392,22.820179287716922
0,2.453472735526334,0.6693447670158834,0.4152284421406118,0.277930984862976,40.3282512103402
0,5.564043132210651,0.4690900560182204,0.3365721210020435,0.15788263509501982,8.238566996836786
1,4.55528931103462,0.47031011436247516,0.4256528598666892,0.20018884520261723,3.9236292308379217
1,7.163887330317964,0.4886708147899229,0.5960629765251451,0.2912785804046493,24.49266997558862
1,6.008684495955114,0.6650284610598289,0.43904494805742,0.29197738614271856,11.991443053460706
0,6.704947509447096,0.44677901682996507,0.5210692153266631,0.2328027917240079,39.602329592819586
0,4.304827501100272,0.3606857623579569,0.5118943271201861,0.18463299562405772,18.375230346629763
0,2.295113774935644,0.39197240172540154,0.7345393630833779,0.2879191583096384,2.4403919401062395
0,3.0178334156479405,0.4423734801312887,0.47116299808765405,0.20843001517312723,1.8521299991203197
0,7.332827002239935,0.42902455796596134,0.4132639048825886,0.17730036411553965,31.764397266380115
1,5.029540835853265,0.7616864613092555,0.5533923131541205,0.42151143272210545,16.96621252811131
1,4.600913184955588,0.43151483539894286,0.806086630584582,0.34783833971399436,3.2006225842846865
0,6.303754970692925,0.3428143579527154,0.5210413468624966,0.17862045479148486,72.53399918723468
1,6.012406572472279,0.6732904076163994,0.6543665514199695,0.4405787221360888,0.03187052030765538
0,7.110475109307124,0.533412876727585,0.6198183582130652,0.33061909350299984,8.671939412234318
0,3.9495671688932155,0.34679303443197645,0.5249778280603133,0.18205865400254445,23.1293004030653
0,6.215413899070883,0.5667550007475048,0.5199370223838299,0.29467690750980297,19.385898936334495
0,3.1293827655537587,0.6671066071100449,0.4445283108963246,0.2965477732464063,116.83450056653456
0,3.3427985831643863,0.6030181281926719,0.28596148387466663,0.1724399587413004,32.10564732533725
0,3.165831231847691,0.5045941223609389,0.3870209061398947,0.1952884744689955,18.263352860859175
1,7.372410764055568,0.7380615340147392,0.6967742441753944,0.514262267518052,8.594780358156505
0,5.261066804611701,0.3483039181687245,0.46170761830181106,0.1608145725028707,61.953161793012626
0,3.002264415015897,0.7296772628960273,0.40549695650936335,0.2958819093384217,11.059060360762595
0,3.637593362585646,0.43772619588616635,0.7352680248364751,0.32184607546840555,10.050211179037664
0,3.5973071001434462,0.38247646202532415,0.505308724119102,0.1932686930316047,83.12061624486813
1,7.4470076709819875,0.34273094541518767,0.7715401155580917,0.2644306732309679,2.5088178265492775
0,2.6886280127765874,0.7272537954729201,0.47556954586685635,0.3458597572430043,0.07996274725544184
1,7.172796372365817,0.671631786103497,0.3675264638783057,0.24684245537488883,10.53732657362881
0,3.8935268255202944,0.5528457047265908,0.42446910965256157,0.23466592406053893,91.07836334122538
0,2.839496019672814,0.6630065061144805,0.6863561311352439,0.45505858045423025,3.1464410138831393
0,7.329147949529958,0.28675825380964476,0.6880636971657688,0.19730794430906407,110.19241393378908
0,4.40225484437782,0.5912069038132783,0.5604675298914896,0.3313522730350236,45.69769159753428
0,1.6601391852724132,0.4205319140766668,0.42651361261199455,0.17936258589147605,45.432877013700946
1,6.8496839100286335,0.5645336792969465,0.3688855227995727,0.20824830142542045,0.06407745719875867
0,4.1038590381507305,0.754035372394442,0.3609123796416766,0.2721407005848758,25.25181232607576
0,2.952470150459898,0.5417101208921902,0.3684740003413809,0.19960609527055836,211.0758410592135
0,4.891241052294906,0.41855340573019906,0.3700295307607081,0.15487712032064183,73.75340399315179
0,4.6389830749324625,0.4751301999537532,0.3880481613945166,0.18437340051506296,2.367494781613892
0,4.070923976586198,0.3620628822049246,0.42642991859303114,0.15439444538420422,110.45766730554875
0,3.3965709199034855,0.4332022953748731,0.5655825265025252,0.2450116487048139,6.052918538863716
0,6.587343658740529,0.3244435369403872,0.3639740616734274,0.11808903192388541,156.44148869216312
0,6.318124749186381,0.6978729029590282,0.3293196026844579,0.2298232271267164,39.85013606285312
0,3.171626529121434,0.5270565804393138,0.5693289507732415,0.3000685699396471,40.168422540326
0,2.293432239487608,0.5846147674662875,0.41524811243828114,0.24276017869392053,9.983775742243129
0,4.271462235474475,0.4748663978786814,0.38621348993042365,0.18339980877541467,12.699636159748993
0,5.517987832759581,0.3567840487114722,0.3089843895545164,0.11024070149390308,75.89804078165314
1,5.112488276419237,0.5629871386166713,0.5763604427991401,0.3244835165033255,2.581928304602047
0,2.2402819733331025,0.4102115192678102,0.39593534309706513,0.16241723862366877,18.36417637822105
1,6.118739511580141,0.45565940155720297,0.7107819335040326,0.3238744704581191,6.500384797400059
0,2.255004919359835,0.3881480297953541,0.25572464433739356,0.09925901686967697,15.394514931010931
0,3.4415147863154445,0.7204969175923994,0.44574678739918305,0.321159186347826,71.46748471654966
0,2.877788936822961,0.4774440345289428,0.4351041060862553,0.20773785984993087,24.68194675481016
0,3.9223481038671295,0.43609379311468355,0.5926001539469244,0.2584292489350597,26.570508642152152
1,5.732581667490764,0.651032040954942,0.6300755855494827,0.41019939441615993,9.29652902091402
0,2.6181969165962355,0.5177079753665322,0.353025560226331,0.18276414803740962,1.200197527564038
0,2.9923150083059262,0.41007325621583085,0.5692617785810382,0.23343903118194165,65.57247922893212
0,1.5442329459112976,0.4998489432783699,0.6815206026888333,0.34065735307645106,54.86563753879339
0,7.196002078476036,0.34951825416021554,0.7025108010361736,0.24554034870685792,6.008605250983616
0,3.0317649178441117,0.20965535175613964,0.4344638346711927,0.0910876680833102,95.05894123789258
1,4.264967979294582,0.7229561682753282,0.6075202377036356,0.43921050319993693,3.7530170457533725
0,3.0996374229207833,0.2757692761301015,0.6330801597712145,0.17458405739243682,22.36429117469384
0,7.466172659744157,0.482661194826284,0.4604022638951506,0.22221830679235952,30.281541800509476
1,4.131369891314039,0.7406229495126304,0.6903695769572069,0.5113035523398335,4.619450879674985
0,3.67664867526746,0.5885492886655153,0.41136064602537403,0.2421060156032207,108.76727730721817
0,3.7407570963644616,0.6508226448753157,0.4958051961757623,0.32268124911803436,25.851902713270004
0,6.650962175701718,0.4848917783584253,0.13800987211705562,0.06691985232185794,6.804751315623316
0,4.843086597776326,0.496345208681771,0.4974201965769986,0.24689213127253792,89.6563863332028
0,2.039290458770584,0.37398661249470755,0.46131254967671687,0.17252471775489184,10.956652569557104
0,3.5634337401132896,0.4195067351685342,0.6200318110622632,0.2601075207593635,12.727579357727116
0,3.2493619386547863,0.494982109299971,0.762516051448572,0.3774318035210994,2.945747035732415
0,3.866007624291794,0.5505130920837865,0.5008073692537611,0.27570101338623465,11.443461328502515
0,2.0020994108115127,0.4784724795881813,0.43375949657962165,0.2075419818733728,27.717092564062792
0,3.586890547262753,0.35837160252107053,0.7332240851683259,0.2627666904088189,73.37853126264919
0,2.707522614395368,0.5704727498245106,0.4245961935211586,0.24222055808303541,4.606978608201181
0,4.296824692778942,0.5071443727473085,0.6122906412394344,0.3105197531904203,21.394006145118944
0,7.260910954680197,0.5096571906344224,0.398387823489499,0.20304121890262022,75.62591970146661
0,3.876650695965062,0.7815340276688203,0.6944077640274215,0.5427032966648505,12.713670062045257
0,2.995725289605106,0.6299423023124064,0.43533343303874406,0.27423494508199026,10.440875469017044
0,1.9768966225129967,0.5240915202535282,0.5175637342721977,0.2712507643228092,27.363141228498225
0,3.703457639623394,0.5338722994085217,0.48641690487441847,0.2596845114764819,16.66221993886618
1,6.817848886093261,0.4180535491936105,0.6608626907168249,0.2762759933838079,11.5042377226177
0,4.5730029047087815,0.5074560681430939,0.31283833602405275,0.15875171196319382,10.026403170814184
1,5.466775327709768,0.6412776204339432,0.6525716412020949,0.41847958923275236,6.468014160653507
1,5.378105057255438,0.43174312148348337,0.597833552116003,0.25811052391812184,20.21983910260722
0,4.627946648520888,0.1307401455381455,0.33214571201417387,0.043424778728604056,0.8478156065590453
